Timestamp,Distance,Signal_Strength
2024-10-04 20:30:03,106,2430
2024-10-04 20:30:03,106,2540
2024-10-04 20:30:04,106,2586
2024-10-04 21:00:02,101,4095
2024-10-04 21:00:02,101,4095
2024-10-04 21:00:03,101,4095
2024-10-04 21:30:02,108,2510
2024-10-04 21:30:02,108,2606
2024-10-04 21:30:03,108,2650
2024-10-04 21:45:02,108,2572
2024-10-04 21:45:02,108,2681
2024-10-04 21:45:03,108,2731
2024-10-04 22:00:02,107,2600
2024-10-04 22:00:03,107,2697
2024-10-04 22:00:03,107,2759
2024-10-04 22:15:02,110,2603
2024-10-04 22:15:03,110,2715
2024-10-04 22:15:03,110,2763
2024-10-04 22:25:02,106,2592
2024-10-04 22:25:03,106,2703
2024-10-04 22:25:03,106,2749
2024-10-04 22:26:02,107,2535
2024-10-04 22:26:03,107,2637
2024-10-04 22:26:03,107,2668
2024-10-04 22:27:03,108,2489
2024-10-04 22:27:03,108,2574
2024-10-04 22:27:04,108,2618
2024-10-04 22:28:02,107,2446
2024-10-04 22:28:02,107,2540
2024-10-04 22:28:03,107,2592
2024-10-04 22:29:02,108,2415
2024-10-04 22:29:02,108,2503
2024-10-04 22:29:03,108,2551
2024-10-04 22:30:02,112,2393
2024-10-04 22:30:02,112,2488
2024-10-04 22:30:03,112,2507
2024-10-04 22:31:02,110,2350
2024-10-04 22:31:02,110,2439
2024-10-04 22:31:03,110,2476
2024-10-04 22:32:02,105,2317
2024-10-04 22:32:03,105,2399
2024-10-04 22:32:03,105,2442
2024-10-04 22:40:02,109,2457
2024-10-04 22:40:03,109,2560
2024-10-04 22:40:03,109,2649
2024-10-04 22:50:02,111,2503
2024-10-04 22:50:03,111,2606
2024-10-04 22:50:03,111,2653
2024-10-04 23:00:03,106,2551
2024-10-04 23:00:03,106,2654
2024-10-04 23:00:03,106,2701
2024-10-04 23:10:02,108,2556
2024-10-04 23:10:02,108,2668
2024-10-04 23:10:03,108,2715
2024-10-04 23:20:02,109,2559
2024-10-04 23:20:02,109,2671
2024-10-04 23:20:03,109,2717
2024-10-04 23:30:02,109,2573
2024-10-04 23:30:02,109,2684
2024-10-04 23:30:03,109,2731
2024-10-04 23:40:02,108,2585
2024-10-04 23:40:02,108,2685
2024-10-04 23:40:03,108,2733
2024-10-04 23:50:02,106,2586
2024-10-04 23:50:03,106,2699
2024-10-04 23:50:03,106,2745
2024-10-05 00:00:02,108,2590
2024-10-05 00:00:03,108,2698
2024-10-05 00:00:03,108,2745
2024-10-05 00:10:02,106,2601
2024-10-05 00:10:03,106,2665
2024-10-05 00:10:03,106,2750
2024-10-05 00:20:03,103,2602
2024-10-05 00:20:03,103,2714
2024-10-05 00:20:03,103,2750
2024-10-05 00:30:02,109,2607
2024-10-05 00:30:02,109,2713
2024-10-05 00:30:03,109,2761
2024-10-05 00:40:02,106,2619
2024-10-05 00:40:02,106,2731
2024-10-05 00:40:03,106,2776
2024-10-05 00:50:02,107,2615
2024-10-05 00:50:02,107,2716
2024-10-05 00:50:03,107,2745
2024-10-05 01:00:02,108,2605
2024-10-05 01:00:02,108,2727
2024-10-05 01:00:03,108,2760
2024-10-05 01:10:02,107,2618
2024-10-05 01:10:03,107,2728
2024-10-05 01:10:03,107,2776
2024-10-05 01:20:02,106,2620
2024-10-05 01:20:03,106,2730
2024-10-05 01:20:03,106,2776
2024-10-05 01:30:02,106,2631
2024-10-05 01:30:03,106,2732
2024-10-05 01:30:03,106,2781
2024-10-05 01:40:02,106,2623
2024-10-05 01:40:03,106,2736
2024-10-05 01:40:03,106,2778
2024-10-05 01:50:03,109,2631
2024-10-05 01:50:03,109,2743
2024-10-05 01:50:04,109,2791
2024-10-05 02:00:02,106,2635
2024-10-05 02:00:02,106,2744
2024-10-05 02:00:03,106,2791
2024-10-05 02:10:02,108,2637
2024-10-05 02:10:02,108,2745
2024-10-05 02:10:03,108,2793
2024-10-05 02:20:02,107,2632
2024-10-05 02:20:02,107,2747
2024-10-05 02:20:03,107,2798
2024-10-05 02:30:02,108,2636
2024-10-05 02:30:03,108,2745
2024-10-05 02:30:03,108,2783
2024-10-05 02:40:02,107,2638
2024-10-05 02:40:03,107,2747
2024-10-05 02:40:03,107,2793
2024-10-05 02:50:02,107,2638
2024-10-05 02:50:03,107,2748
2024-10-05 02:50:03,107,2779
2024-10-05 03:00:02,104,2638
2024-10-05 03:00:03,104,2748
2024-10-05 03:00:03,104,2794
2024-10-05 03:10:03,107,2638
2024-10-05 03:10:03,107,2746
2024-10-05 03:10:03,107,2796
2024-10-05 03:20:02,103,2631
2024-10-05 03:20:02,103,2749
2024-10-05 03:20:03,103,2809
2024-10-05 03:30:02,106,2648
2024-10-05 03:30:02,106,2750
2024-10-05 03:30:03,106,2796
2024-10-05 03:40:02,105,2650
2024-10-05 03:40:02,105,2751
2024-10-05 03:40:03,105,2798
2024-10-05 03:50:02,104,2650
2024-10-05 03:50:02,104,2751
2024-10-05 03:50:03,104,2799
2024-10-05 04:00:02,107,2623
2024-10-05 04:00:03,107,2761
2024-10-05 04:00:03,107,2807
2024-10-05 04:10:02,105,2651
2024-10-05 04:10:03,105,2761
2024-10-05 04:10:03,105,2809
2024-10-05 04:20:02,105,2653
2024-10-05 04:20:03,105,2762
2024-10-05 04:20:03,105,2811
2024-10-05 04:30:02,107,2664
2024-10-05 04:30:03,107,2764
2024-10-05 04:30:03,107,2812
2024-10-05 04:40:03,105,2666
2024-10-05 04:40:03,105,2776
2024-10-05 04:40:04,105,2815
2024-10-05 04:50:02,106,2665
2024-10-05 04:50:02,106,2782
2024-10-05 04:50:03,106,2823
2024-10-05 05:00:02,106,2668
2024-10-05 05:00:02,106,2779
2024-10-05 05:00:03,106,2824
2024-10-05 05:10:02,104,2679
2024-10-05 05:10:02,104,2780
2024-10-05 05:10:03,104,2827
2024-10-05 05:20:02,104,2672
2024-10-05 05:20:03,104,2779
2024-10-05 05:20:03,104,2827
2024-10-05 05:30:02,102,2670
2024-10-05 05:30:03,102,2781
2024-10-05 05:30:03,102,2829
2024-10-05 05:40:02,105,2664
2024-10-05 05:40:03,105,2793
2024-10-05 05:40:03,105,2841
2024-10-05 05:50:02,104,2664
2024-10-05 05:50:03,104,2783
2024-10-05 05:50:03,104,2831
2024-10-05 06:00:03,106,2682
2024-10-05 06:00:03,106,2791
2024-10-05 06:00:04,106,2843
2024-10-05 06:10:02,109,2654
2024-10-05 06:10:02,109,2808
2024-10-05 06:10:03,109,2840
2024-10-05 06:20:02,109,2685
2024-10-05 06:20:02,109,2794
2024-10-05 06:20:03,109,2842
2024-10-05 06:30:02,104,2696
2024-10-05 06:30:02,104,2842
2024-10-05 06:30:03,104,2846
2024-10-05 06:40:02,104,2686
2024-10-05 06:40:03,104,2796
2024-10-05 06:40:03,104,2842
2024-10-05 06:50:02,109,2680
2024-10-05 06:50:03,109,2795
2024-10-05 06:50:03,109,2847
2024-10-05 07:00:02,109,2696
2024-10-05 07:00:03,109,2808
2024-10-05 07:00:03,109,2855
2024-10-05 07:10:02,107,2701
2024-10-05 07:10:03,107,2810
2024-10-05 07:10:03,107,2857
2024-10-05 07:20:03,107,2712
2024-10-05 07:20:03,107,2807
2024-10-05 07:20:04,107,2855
2024-10-05 07:30:02,108,2700
2024-10-05 07:30:02,108,2811
2024-10-05 07:30:03,108,2846
2024-10-05 07:40:02,105,2712
2024-10-05 07:40:02,105,2813
2024-10-05 07:40:03,105,2862
2024-10-05 07:50:02,106,2713
2024-10-05 07:50:02,106,2824
2024-10-05 07:50:03,106,2864
2024-10-05 08:00:02,107,2715
2024-10-05 08:00:03,107,2831
2024-10-05 08:00:03,107,2875
2024-10-05 08:10:02,106,2716
2024-10-05 08:10:03,106,2825
2024-10-05 08:10:03,106,2874
2024-10-05 08:20:02,104,2718
2024-10-05 08:20:03,104,2829
2024-10-05 08:20:03,104,2876
2024-10-05 08:30:02,105,2718
2024-10-05 08:30:03,105,2830
2024-10-05 08:30:03,105,2877
2024-10-05 08:40:03,106,2728
2024-10-05 08:40:03,106,2831
2024-10-05 08:40:03,106,2875
2024-10-05 08:50:03,108,2718
2024-10-05 08:50:03,108,2841
2024-10-05 08:50:04,108,2872
2024-10-05 09:00:02,110,2718
2024-10-05 09:00:02,110,2830
2024-10-05 09:00:03,110,2903
2024-10-05 09:10:02,105,2013
2024-10-05 09:10:02,105,2074
2024-10-05 09:10:03,105,2079
2024-10-05 09:20:02,105,2199
2024-10-05 09:20:02,105,2253
2024-10-05 09:20:03,105,2255
2024-10-05 09:30:02,108,2144
2024-10-05 09:30:03,108,2203
2024-10-05 09:30:03,108,2218
2024-10-05 09:40:02,103,2093
2024-10-05 09:40:03,103,2155
2024-10-05 09:40:03,103,2158
2024-10-05 09:50:02,106,2090
2024-10-05 09:50:03,106,2156
2024-10-05 09:50:03,106,2158
2024-10-05 10:00:02,106,2107
2024-10-05 10:00:03,106,2185
2024-10-05 10:00:03,106,2199
2024-10-05 10:10:03,105,2153
2024-10-05 10:10:03,105,2218
2024-10-05 10:10:03,105,2223
2024-10-05 10:20:02,107,2174
2024-10-05 10:20:02,107,2239
2024-10-05 10:20:03,107,2251
2024-10-05 10:30:02,107,2201
2024-10-05 10:30:02,107,2249
2024-10-05 10:30:03,107,2250
2024-10-05 10:40:02,109,2170
2024-10-05 10:40:02,109,2236
2024-10-05 10:40:03,109,2248
2024-10-05 10:50:02,106,2157
2024-10-05 10:50:03,106,2221
2024-10-05 10:50:03,106,2235
2024-10-05 11:00:02,105,2156
2024-10-05 11:00:03,105,2230
2024-10-05 11:00:03,105,2234
2024-10-05 11:10:02,104,2152
2024-10-05 11:10:03,104,2232
2024-10-05 11:10:03,104,2223
2024-10-05 11:20:02,107,2137
2024-10-05 11:20:03,107,2207
2024-10-05 11:20:03,107,2253
2024-10-05 11:30:03,102,2152
2024-10-05 11:30:03,102,2207
2024-10-05 11:30:03,102,2219
2024-10-05 11:40:02,105,2138
2024-10-05 11:40:02,105,2215
2024-10-05 11:40:03,105,2203
2024-10-05 11:50:02,107,2121
2024-10-05 11:50:02,107,2202
2024-10-05 11:50:03,107,2215
2024-10-05 12:00:02,105,2144
2024-10-05 12:00:02,105,2187
2024-10-05 12:00:03,105,2189
2024-10-05 12:10:02,104,2137
2024-10-05 12:10:02,104,2202
2024-10-05 12:10:03,104,2205
2024-10-05 12:20:02,108,2140
2024-10-05 12:20:03,108,2200
2024-10-05 12:20:03,108,2203
2024-10-05 12:30:02,104,2138
2024-10-05 12:30:03,104,2201
2024-10-05 12:30:03,104,2204
2024-10-05 12:40:02,107,2135
2024-10-05 12:40:03,107,2199
2024-10-05 12:40:03,107,2203
2024-10-05 12:50:02,106,2128
2024-10-05 12:50:03,106,2190
2024-10-05 12:50:03,106,2201
2024-10-05 13:00:03,105,2127
2024-10-05 13:00:03,105,2190
2024-10-05 13:00:04,105,2201
2024-10-05 13:10:02,109,2124
2024-10-05 13:10:02,109,2187
2024-10-05 13:10:03,109,2191
2024-10-05 13:20:02,106,2125
2024-10-05 13:20:02,106,2188
2024-10-05 13:20:03,106,2191
2024-10-05 13:30:02,107,2122
2024-10-05 13:30:02,107,2176
2024-10-05 13:30:03,107,2189
2024-10-05 13:40:02,107,2110
2024-10-05 13:40:02,107,2173
2024-10-05 13:40:03,107,2186
2024-10-05 13:50:02,106,2109
2024-10-05 13:50:03,106,2171
2024-10-05 13:50:03,106,2184
2024-10-05 14:00:02,103,2108
2024-10-05 14:00:03,103,2171
2024-10-05 14:00:03,103,2174
2024-10-05 14:10:02,104,2091
2024-10-05 14:10:03,104,2169
2024-10-05 14:10:03,104,2169
2024-10-05 14:20:02,106,2104
2024-10-05 14:20:03,106,2171
2024-10-05 14:20:03,106,2169
2024-10-05 14:30:03,104,2104
2024-10-05 14:30:03,104,2167
2024-10-05 14:30:04,104,2170
2024-10-05 14:40:02,106,2093
2024-10-05 14:40:02,106,2156
2024-10-05 14:40:03,106,2160
2024-10-05 14:50:02,107,2094
2024-10-05 14:50:02,107,2155
2024-10-05 14:50:03,107,2156
2024-10-05 15:00:02,106,2091
2024-10-05 15:00:02,106,2155
2024-10-05 15:00:03,106,2140
2024-10-05 15:10:02,104,2088
2024-10-05 15:10:03,104,2138
2024-10-05 15:10:03,104,2156
2024-10-05 15:20:02,111,2073
2024-10-05 15:20:03,111,2139
2024-10-05 15:20:03,111,2151
2024-10-05 15:30:02,107,2077
2024-10-05 15:30:03,107,2142
2024-10-05 15:30:03,107,2143
2024-10-05 15:40:02,103,2075
2024-10-05 15:40:03,103,2135
2024-10-05 15:40:03,103,2138
2024-10-05 15:50:03,102,2064
2024-10-05 15:50:03,102,2136
2024-10-05 15:50:04,102,2122
2024-10-05 16:00:02,106,2063
2024-10-05 16:00:02,106,2124
2024-10-05 16:00:03,106,2126
2024-10-05 16:10:02,103,2060
2024-10-05 16:10:02,103,2123
2024-10-05 16:10:03,103,2127
2024-10-05 16:20:02,106,2057
2024-10-05 16:20:02,106,2122
2024-10-05 16:20:03,106,2124
2024-10-05 16:30:02,106,2058
2024-10-05 16:30:03,106,2120
2024-10-05 16:30:03,106,2123
2024-10-05 16:40:02,101,2046
2024-10-05 16:40:03,101,2110
2024-10-05 16:40:03,101,2121
2024-10-05 16:50:02,105,2056
2024-10-05 16:50:03,105,2095
2024-10-05 16:50:03,105,2122
2024-10-05 17:00:02,106,2039
2024-10-05 17:00:03,106,2088
2024-10-05 17:00:03,106,2060
2024-10-05 17:10:02,101,2890
2024-10-05 17:10:03,101,2989
2024-10-05 17:10:03,101,2972
2024-10-05 17:20:02,103,2924
2024-10-05 17:20:02,103,3018
2024-10-05 17:20:03,103,3019
2024-10-05 17:30:02,105,2956
2024-10-05 17:30:02,105,3047
2024-10-05 17:30:03,105,3048
2024-10-05 17:40:02,103,2973
2024-10-05 17:40:02,103,3071
2024-10-05 17:40:03,103,3082
2024-10-05 17:50:02,103,2987
2024-10-05 17:50:02,103,3088
2024-10-05 17:50:03,103,3102
2024-10-05 18:00:02,107,3002
2024-10-05 18:00:03,107,3111
2024-10-05 18:00:03,107,3117
2024-10-05 18:10:02,103,3007
2024-10-05 18:10:03,103,3116
2024-10-05 18:10:03,103,3128
2024-10-05 18:20:02,104,3019
2024-10-05 18:20:03,104,3128
2024-10-05 18:20:03,104,3135
2024-10-05 18:30:02,108,3032
2024-10-05 18:30:03,108,3134
2024-10-05 18:30:03,108,3147
2024-10-05 18:40:03,106,3037
2024-10-05 18:40:03,106,3147
2024-10-05 18:40:04,106,3147
2024-10-05 18:50:02,105,3034
2024-10-05 18:50:02,105,3152
2024-10-05 18:50:03,105,3163
2024-10-05 19:00:02,107,3048
2024-10-05 19:00:02,107,3159
2024-10-05 19:00:03,107,3164
2024-10-05 19:10:02,105,3050
2024-10-05 19:10:02,105,3163
2024-10-05 19:10:03,105,3167
2024-10-05 19:20:02,105,3054
2024-10-05 19:20:03,105,3149
2024-10-05 19:20:03,105,3176
2024-10-05 19:30:02,101,3064
2024-10-05 19:30:03,101,3176
2024-10-05 19:30:03,101,3180
2024-10-05 19:40:02,104,3064
2024-10-05 19:40:03,104,3166
2024-10-05 19:40:03,104,3179
2024-10-05 19:50:02,103,3051
2024-10-05 19:50:03,103,3162
2024-10-05 19:50:03,103,3175
2024-10-05 20:00:03,104,3039
2024-10-05 20:00:03,104,3152
2024-10-05 20:00:03,104,3165
2024-10-05 20:10:02,102,3035
2024-10-05 20:10:02,102,3147
2024-10-05 20:10:03,102,3160
2024-10-05 20:20:02,104,3020
2024-10-05 20:20:02,104,3130
2024-10-05 20:20:03,104,3144
2024-10-05 20:30:02,101,3004
2024-10-05 20:30:02,101,3113
2024-10-05 20:30:03,101,3127
2024-10-05 20:40:02,104,2989
2024-10-05 20:40:02,104,3098
2024-10-05 20:40:03,104,3111
2024-10-05 20:50:02,103,2974
2024-10-05 20:50:03,103,3082
2024-10-05 20:50:03,103,3097
2024-10-05 21:00:02,101,2971
2024-10-05 21:00:03,101,3071
2024-10-05 21:00:03,101,3085
2024-10-05 21:10:02,102,2958
2024-10-05 21:10:03,102,3055
2024-10-05 21:10:03,102,3082
2024-10-05 21:20:03,104,2952
2024-10-05 21:20:03,104,3064
2024-10-05 21:20:03,104,3085
2024-10-05 21:30:03,102,2955
2024-10-05 21:30:03,102,3071
2024-10-05 21:30:04,102,3055
2024-10-05 21:40:02,108,2967
2024-10-05 21:40:02,108,3065
2024-10-05 21:40:03,108,3071
2024-10-05 21:50:02,102,2952
2024-10-05 21:50:02,102,3067
2024-10-05 21:50:03,102,3080
2024-10-05 22:00:02,104,2968
2024-10-05 22:00:02,104,3072
2024-10-05 22:00:03,104,3087
2024-10-05 22:10:02,102,2973
2024-10-05 22:10:03,102,3072
2024-10-05 22:10:03,102,3088
2024-10-05 22:20:02,104,2975
2024-10-05 22:20:03,104,3085
2024-10-05 22:20:03,104,3097
2024-10-05 22:30:02,104,2988
2024-10-05 22:30:03,104,3088
2024-10-05 22:30:03,104,3101
2024-10-05 22:40:02,107,2992
2024-10-05 22:40:03,107,3098
2024-10-05 22:40:03,107,3113
2024-10-05 22:50:03,103,3002
2024-10-05 22:50:03,103,3112
2024-10-05 22:50:04,103,3118
2024-10-05 23:00:02,107,3016
2024-10-05 23:00:02,107,3117
2024-10-05 23:00:03,107,3129
2024-10-05 23:10:02,102,3017
2024-10-05 23:10:02,102,3127
2024-10-05 23:10:03,102,3134
2024-10-05 23:20:02,105,3020
2024-10-05 23:20:02,105,3132
2024-10-05 23:20:03,105,3147
2024-10-05 23:30:02,105,3033
2024-10-05 23:30:03,105,3145
2024-10-05 23:30:03,105,3151
2024-10-05 23:40:02,104,3036
2024-10-05 23:40:03,104,3147
2024-10-05 23:40:03,104,3161
2024-10-05 23:50:02,104,3034
2024-10-05 23:50:03,104,3150
2024-10-05 23:50:03,104,3164
2024-10-06 00:00:02,102,3040
2024-10-06 00:00:03,102,3160
2024-10-06 00:00:03,102,3166
2024-10-06 00:10:03,103,3050
2024-10-06 00:10:03,103,3147
2024-10-06 00:10:04,103,3175
2024-10-06 00:20:02,104,3050
2024-10-06 00:20:02,104,3165
2024-10-06 00:20:03,104,3179
2024-10-06 00:30:02,102,3055
2024-10-06 00:30:02,102,3175
2024-10-06 00:30:03,102,3184
2024-10-06 00:40:02,104,3069
2024-10-06 00:40:02,104,3183
2024-10-06 00:40:03,104,3192
2024-10-06 00:50:02,104,3071
2024-10-06 00:50:02,104,3191
2024-10-06 00:50:03,104,3199
2024-10-06 01:00:02,105,3086
2024-10-06 01:00:03,105,3197
2024-10-06 01:00:03,105,3212
2024-10-06 01:10:02,101,3097
2024-10-06 01:10:03,101,3213
2024-10-06 01:10:03,101,3228
2024-10-06 01:20:02,100,3118
2024-10-06 01:20:03,100,3227
2024-10-06 01:20:03,100,3241
2024-10-06 01:30:03,103,3127
2024-10-06 01:30:03,103,3240
2024-10-06 01:30:03,103,3247
2024-10-06 01:40:03,104,3132
2024-10-06 01:40:03,104,3247
2024-10-06 01:40:04,104,3260
2024-10-06 01:50:02,102,3144
2024-10-06 01:50:02,102,3257
2024-10-06 01:50:03,102,3273
2024-10-06 02:00:02,105,3149
2024-10-06 02:00:02,105,3264
2024-10-06 02:00:03,105,3288
2024-10-06 02:10:02,102,3161
2024-10-06 02:10:02,102,3260
2024-10-06 02:10:03,102,3293
2024-10-06 02:20:02,101,3177
2024-10-06 02:20:03,101,3294
2024-10-06 02:20:03,101,3308
2024-10-06 02:30:02,104,3183
2024-10-06 02:30:03,104,3306
2024-10-06 02:30:03,104,3322
2024-10-06 02:40:02,101,3195
2024-10-06 02:40:03,101,3319
2024-10-06 02:40:03,101,3338
2024-10-06 02:50:02,104,3210
2024-10-06 02:50:03,104,3326
2024-10-06 02:50:03,104,3326
2024-10-06 03:00:03,103,3224
2024-10-06 03:00:03,103,3343
2024-10-06 03:00:03,103,3403
2024-10-06 03:10:02,104,3241
2024-10-06 03:10:02,104,3367
2024-10-06 03:10:03,104,3374
2024-10-06 03:20:02,108,3261
2024-10-06 03:20:02,108,3388
2024-10-06 03:20:03,108,3407
2024-10-06 03:30:02,103,3292
2024-10-06 03:30:02,103,3431
2024-10-06 03:30:03,103,3431
2024-10-06 03:40:02,105,3311
2024-10-06 03:40:02,105,3439
2024-10-06 03:40:03,105,3469
2024-10-06 03:50:02,101,3327
2024-10-06 03:50:03,101,3483
2024-10-06 03:50:03,101,3500
2024-10-06 04:00:02,104,3370
2024-10-06 04:00:03,104,3503
2024-10-06 04:00:03,104,3532
2024-10-06 04:10:02,107,3405
2024-10-06 04:10:03,107,3535
2024-10-06 04:10:03,107,3561
2024-10-06 04:20:03,104,3431
2024-10-06 04:20:03,104,3563
2024-10-06 04:20:03,104,3581
2024-10-06 04:30:02,104,3449
2024-10-06 04:30:02,104,3579
2024-10-06 04:30:03,104,3611
2024-10-06 04:40:02,106,3466
2024-10-06 04:40:02,106,3607
2024-10-06 04:40:03,106,3628
2024-10-06 04:50:02,103,3482
2024-10-06 04:50:02,103,3627
2024-10-06 04:50:03,103,3646
2024-10-06 05:00:02,99,3497
2024-10-06 05:00:02,99,3643
2024-10-06 05:00:03,99,3662
2024-10-06 05:10:02,107,3517
2024-10-06 05:10:03,107,3663
2024-10-06 05:10:03,107,3689
2024-10-06 05:20:02,104,3543
2024-10-06 05:20:03,104,3679
2024-10-06 05:20:03,104,3720
2024-10-06 05:30:02,106,3549
2024-10-06 05:30:03,106,3695
2024-10-06 05:30:03,106,3725
2024-10-06 05:40:02,104,3567
2024-10-06 05:40:03,104,3720
2024-10-06 05:40:03,104,3741
2024-10-06 05:50:03,107,3581
2024-10-06 05:50:03,107,3738
2024-10-06 05:50:04,107,3759
2024-10-06 06:00:02,106,3642
2024-10-06 06:00:02,106,3752
2024-10-06 06:00:03,106,3782
2024-10-06 06:10:02,106,3599
2024-10-06 06:10:02,106,3758
2024-10-06 06:10:03,106,3788
2024-10-06 06:20:02,101,3614
2024-10-06 06:20:02,101,3771
2024-10-06 06:20:03,101,3789
2024-10-06 06:30:02,105,3630
2024-10-06 06:30:03,105,3787
2024-10-06 06:30:03,105,3806
2024-10-06 06:40:02,105,3639
2024-10-06 06:40:03,105,3791
2024-10-06 06:40:03,105,3821
2024-10-06 06:50:02,103,3628
2024-10-06 06:50:03,103,3804
2024-10-06 06:50:03,103,3832
2024-10-06 07:00:02,103,3646
2024-10-06 07:00:03,103,3791
2024-10-06 07:00:03,103,3834
2024-10-06 07:10:03,102,3659
2024-10-06 07:10:03,102,3819
2024-10-06 07:10:04,102,3848
2024-10-06 07:20:02,102,3628
2024-10-06 07:20:02,102,3830
2024-10-06 07:20:03,102,3865
2024-10-06 07:30:02,104,3672
2024-10-06 07:30:02,104,3833
2024-10-06 07:30:03,104,3856
2024-10-06 07:40:02,104,3675
2024-10-06 07:40:02,104,3836
2024-10-06 07:40:03,104,3869
2024-10-06 07:50:02,108,3680
2024-10-06 07:50:03,108,3851
2024-10-06 07:50:03,108,3864
2024-10-06 08:00:02,106,3694
2024-10-06 08:00:03,106,3864
2024-10-06 08:00:03,106,3885
2024-10-06 08:10:02,105,3705
2024-10-06 08:10:03,105,3869
2024-10-06 08:10:03,105,3899
2024-10-06 08:20:02,108,3705
2024-10-06 08:20:03,108,3879
2024-10-06 08:20:03,108,3911
2024-10-06 08:30:03,106,3706
2024-10-06 08:30:03,106,3881
2024-10-06 08:30:03,106,3914
2024-10-06 08:40:02,105,3718
2024-10-06 08:40:02,105,3883
2024-10-06 08:40:03,105,3915
2024-10-06 08:50:02,107,3703
2024-10-06 08:50:02,107,3895
2024-10-06 08:50:03,107,3927
2024-10-06 09:00:02,104,3735
2024-10-06 09:00:02,104,3930
2024-10-06 09:00:03,104,3981
2024-10-06 09:10:02,106,2601
2024-10-06 09:10:02,106,2682
2024-10-06 09:10:03,106,2695
2024-10-06 09:20:02,103,2761
2024-10-06 09:20:03,103,2845
2024-10-06 09:20:03,103,2862
2024-10-06 09:30:02,107,2744
2024-10-06 09:30:03,107,2809
2024-10-06 09:30:03,107,2814
2024-10-06 09:40:02,103,2729
2024-10-06 09:40:03,103,2798
2024-10-06 09:40:03,103,2795
2024-10-06 09:50:02,104,2765
2024-10-06 09:50:03,104,2842
2024-10-06 09:50:03,104,2843
2024-10-06 10:00:03,103,2791
2024-10-06 10:00:03,103,2863
2024-10-06 10:00:04,103,2877
2024-10-06 10:10:02,108,2795
2024-10-06 10:10:02,108,2874
2024-10-06 10:10:03,108,2888
2024-10-06 10:20:02,104,2782
2024-10-06 10:20:02,104,2887
2024-10-06 10:20:03,104,2892
2024-10-06 10:30:02,104,2814
2024-10-06 10:30:02,104,2893
2024-10-06 10:30:03,104,2908
2024-10-06 10:40:02,103,2824
2024-10-06 10:40:03,103,2902
2024-10-06 10:40:03,103,2919
2024-10-06 10:50:02,104,2825
2024-10-06 10:50:03,104,2906
2024-10-06 10:50:03,104,2923
2024-10-06 11:00:02,102,2827
2024-10-06 11:00:03,102,2905
2024-10-06 11:00:03,102,2920
2024-10-06 11:10:02,103,2827
2024-10-06 11:10:03,103,2905
2024-10-06 11:10:03,103,2920
2024-10-06 11:20:03,106,2826
2024-10-06 11:20:03,106,2906
2024-10-06 11:20:04,106,2920
2024-10-06 11:30:02,104,2824
2024-10-06 11:30:02,104,2906
2024-10-06 11:30:03,104,2919
2024-10-06 11:40:02,104,2827
2024-10-06 11:40:02,104,2909
2024-10-06 11:40:03,104,2922
2024-10-06 11:50:02,104,2827
2024-10-06 11:50:02,104,2919
2024-10-06 11:50:03,104,2938
2024-10-06 12:00:02,104,2827
2024-10-06 12:00:02,104,2877
2024-10-06 12:00:03,104,2924
2024-10-06 12:10:02,108,2829
2024-10-06 12:10:03,108,2911
2024-10-06 12:10:03,108,2924
2024-10-06 12:20:02,104,2827
2024-10-06 12:20:03,104,2912
2024-10-06 12:20:03,104,2984
2024-10-06 12:30:02,105,2831
2024-10-06 12:30:03,105,2911
2024-10-06 12:30:03,105,2925
2024-10-06 12:40:02,104,2830
2024-10-06 12:40:03,104,2912
2024-10-06 12:40:03,104,2927
2024-10-06 12:50:03,105,2828
2024-10-06 12:50:03,105,2919
2024-10-06 12:50:04,105,2928
2024-10-06 13:00:02,102,2830
2024-10-06 13:00:02,102,2910
2024-10-06 13:00:03,102,2926
2024-10-06 13:10:02,103,2845
2024-10-06 13:10:02,103,2921
2024-10-06 13:10:03,103,2926
2024-10-06 13:20:02,105,2841
2024-10-06 13:20:02,105,2921
2024-10-06 13:20:03,105,2934
2024-10-06 13:30:02,105,2843
2024-10-06 13:30:03,105,2926
2024-10-06 13:30:03,105,2937
2024-10-06 13:40:02,103,2842
2024-10-06 13:40:03,103,2925
2024-10-06 13:40:03,103,2936
2024-10-06 13:50:02,104,2843
2024-10-06 13:50:03,104,2908
2024-10-06 13:50:03,104,2939
2024-10-06 14:00:02,105,2843
2024-10-06 14:00:03,105,2925
2024-10-06 14:00:03,105,2939
2024-10-06 14:10:03,104,2847
2024-10-06 14:10:03,104,2925
2024-10-06 14:10:03,104,2925
2024-10-06 14:20:02,104,2845
2024-10-06 14:20:02,104,2926
2024-10-06 14:20:03,104,2941
2024-10-06 14:30:02,105,2846
2024-10-06 14:30:02,105,2926
2024-10-06 14:30:03,105,2940
2024-10-06 14:40:02,109,2839
2024-10-06 14:40:02,109,2924
2024-10-06 14:40:03,109,2936
2024-10-06 14:50:02,102,2846
2024-10-06 14:50:02,102,2938
2024-10-06 14:50:03,102,2940
2024-10-06 15:00:02,106,2861
2024-10-06 15:00:03,106,2928
2024-10-06 15:00:03,106,2935
2024-10-06 15:10:02,106,2855
2024-10-06 15:10:03,106,2928
2024-10-06 15:10:03,106,2941
2024-10-06 15:20:02,104,2855
2024-10-06 15:20:03,104,2937
2024-10-06 15:20:03,104,2943
2024-10-06 15:30:02,107,2855
2024-10-06 15:30:03,107,2935
2024-10-06 15:30:03,107,2943
2024-10-06 15:40:03,107,2855
2024-10-06 15:40:03,107,2936
2024-10-06 15:40:04,107,2942
2024-10-06 15:50:02,106,2857
2024-10-06 15:50:02,106,2909
2024-10-06 15:50:03,106,2937
2024-10-06 16:00:02,108,2843
2024-10-06 16:00:02,108,2928
2024-10-06 16:00:03,108,2939
2024-10-06 16:10:02,106,2844
2024-10-06 16:10:02,106,2925
2024-10-06 16:10:03,106,2937
2024-10-06 16:20:02,105,2846
2024-10-06 16:20:03,105,2924
2024-10-06 16:20:03,105,2937
2024-10-06 16:30:02,107,2811
2024-10-06 16:30:03,107,2957
2024-10-06 16:30:03,107,2959
2024-10-06 16:40:02,103,2840
2024-10-06 16:40:03,103,2922
2024-10-06 16:40:03,103,2936
2024-10-06 16:50:02,104,2830
2024-10-06 16:50:03,104,2918
2024-10-06 16:50:03,104,2906
2024-10-06 17:00:03,107,2778
2024-10-06 17:00:03,107,2824
2024-10-06 17:00:03,107,2825
2024-10-06 17:10:02,109,3672
2024-10-06 17:10:02,109,3799
2024-10-06 17:10:03,109,3772
2024-10-06 17:20:02,107,3692
2024-10-06 17:20:02,107,3832
2024-10-06 17:20:03,107,3820
2024-10-06 17:30:02,106,3709
2024-10-06 17:30:02,106,3854
2024-10-06 17:30:03,106,3837
2024-10-06 17:40:02,110,3724
2024-10-06 17:40:03,110,3866
2024-10-06 17:40:03,110,3868
2024-10-06 17:50:02,111,3708
2024-10-06 17:50:03,111,3849
2024-10-06 17:50:03,111,3854
2024-10-06 18:00:02,110,3678
2024-10-06 18:00:03,110,3819
2024-10-06 18:00:03,110,3821
2024-10-06 18:10:02,108,3640
2024-10-06 18:10:03,108,3772
2024-10-06 18:10:03,108,3784
2024-10-06 18:20:02,108,3595
2024-10-06 18:20:03,108,3722
2024-10-06 18:20:03,108,3727
2024-10-06 18:30:03,105,3532
2024-10-06 18:30:03,105,3661
2024-10-06 18:30:04,105,3672
2024-10-06 18:40:02,108,3470
2024-10-06 18:40:02,108,3595
2024-10-06 18:40:03,108,3607
2024-10-06 18:50:02,110,3417
2024-10-06 18:50:02,110,3529
2024-10-06 18:50:03,110,3534
2024-10-06 19:00:02,105,3339
2024-10-06 19:00:02,105,3454
2024-10-06 19:00:03,105,3468
2024-10-06 19:10:02,105,3277
2024-10-06 19:10:03,105,3388
2024-10-06 19:10:03,105,3401
2024-10-06 19:20:02,105,3231
2024-10-06 19:20:03,105,3352
2024-10-06 19:20:03,105,3357
2024-10-06 19:30:02,109,3209
2024-10-06 19:30:03,109,3319
2024-10-06 19:30:03,109,3323
2024-10-06 19:40:02,107,3180
2024-10-06 19:40:03,107,3292
2024-10-06 19:40:03,107,3304
2024-10-06 19:50:03,105,3161
2024-10-06 19:50:03,105,3272
2024-10-06 19:50:03,105,3277
2024-10-06 20:00:02,111,3149
2024-10-06 20:00:02,111,3258
2024-10-06 20:00:03,111,3262
2024-10-06 20:10:02,108,3133
2024-10-06 20:10:02,108,3243
2024-10-06 20:10:03,108,3257
2024-10-06 20:20:02,106,3133
2024-10-06 20:20:02,106,3231
2024-10-06 20:20:03,106,3243
2024-10-06 20:30:02,109,3117
2024-10-06 20:30:02,109,3227
2024-10-06 20:30:03,109,3239
2024-10-06 20:40:02,107,3112
2024-10-06 20:40:03,107,3214
2024-10-06 20:40:03,107,3228
2024-10-06 20:50:02,107,3103
2024-10-06 20:50:03,107,3208
2024-10-06 20:50:03,107,3215
2024-10-06 21:00:02,111,3097
2024-10-06 21:00:03,111,3208
2024-10-06 21:00:03,111,3211
2024-10-06 21:10:02,108,3085
2024-10-06 21:10:03,108,3195
2024-10-06 21:10:03,108,3209
2024-10-06 21:20:03,110,3082
2024-10-06 21:20:03,110,3183
2024-10-06 21:20:04,110,3196
2024-10-06 21:30:02,109,3069
2024-10-06 21:30:02,109,3165
2024-10-06 21:30:03,109,3192
2024-10-06 21:40:02,104,3065
2024-10-06 21:40:02,104,3167
2024-10-06 21:40:03,104,3179
2024-10-06 21:50:02,102,3072
2024-10-06 21:50:02,102,3179
2024-10-06 21:50:03,102,3179
2024-10-06 22:00:02,106,3086
2024-10-06 22:00:03,106,3194
2024-10-06 22:00:03,106,3208
2024-10-06 22:10:02,107,3100
2024-10-06 22:10:03,107,3209
2024-10-06 22:10:03,107,3215
2024-10-06 22:20:02,106,3103
2024-10-06 22:20:03,106,3212
2024-10-06 22:20:03,106,3226
2024-10-06 22:30:02,102,3112
2024-10-06 22:30:03,102,3214
2024-10-06 22:30:03,102,3228
2024-10-06 22:40:03,109,3114
2024-10-06 22:40:03,109,3228
2024-10-06 22:40:04,109,3213
2024-10-06 22:50:02,102,3100
2024-10-06 22:50:02,102,3225
2024-10-06 22:50:03,102,3242
2024-10-06 23:00:02,104,3117
2024-10-06 23:00:02,104,3228
2024-10-06 23:00:03,104,3225
2024-10-06 23:10:02,104,3129
2024-10-06 23:10:02,104,3240
2024-10-06 23:10:03,104,3246
2024-10-06 23:20:02,101,3130
2024-10-06 23:20:03,101,3240
2024-10-06 23:20:03,101,3247
2024-10-06 23:30:02,106,3130
2024-10-06 23:30:03,106,3239
2024-10-06 23:30:03,106,3245
2024-10-06 23:40:02,105,3112
2024-10-06 23:40:03,105,3231
2024-10-06 23:40:03,105,3254
2024-10-06 23:50:02,102,3119
2024-10-06 23:50:03,102,3241
2024-10-06 23:50:03,102,3229
2024-10-07 00:00:02,101,3164
2024-10-07 00:00:03,101,3210
2024-10-07 00:00:03,101,3274
2024-10-07 00:10:03,103,3114
2024-10-07 00:10:03,103,3224
2024-10-07 00:10:04,103,3232
2024-10-07 00:20:02,103,3113
2024-10-07 00:20:02,103,3224
2024-10-07 00:20:03,103,3231
2024-10-07 00:30:02,102,3112
2024-10-07 00:30:02,102,3216
2024-10-07 00:30:03,102,3227
2024-10-07 00:40:02,97,3103
2024-10-07 00:40:02,97,3215
2024-10-07 00:40:03,97,3228
2024-10-07 00:50:02,102,3088
2024-10-07 00:50:03,102,3224
2024-10-07 00:50:03,102,3228
2024-10-07 01:00:02,103,3112
2024-10-07 01:00:03,103,3223
2024-10-07 01:00:03,103,3228
2024-10-07 01:10:02,98,3111
2024-10-07 01:10:03,98,3223
2024-10-07 01:10:03,98,3228
2024-10-07 01:20:02,100,3114
2024-10-07 01:20:03,100,3215
2024-10-07 01:20:03,100,3228
2024-10-07 01:30:03,102,3111
2024-10-07 01:30:03,102,3223
2024-10-07 01:30:04,102,3228
2024-10-07 01:40:02,103,3112
2024-10-07 01:40:02,103,3215
2024-10-07 01:40:03,103,3230
2024-10-07 01:50:02,102,3112
2024-10-07 01:50:02,102,3224
2024-10-07 01:50:03,102,3213
2024-10-07 02:00:02,101,3112
2024-10-07 02:00:02,101,3225
2024-10-07 02:00:03,101,3232
2024-10-07 02:10:02,101,3114
2024-10-07 02:10:02,101,3226
2024-10-07 02:10:03,101,3240
2024-10-07 02:20:02,101,3113
2024-10-07 02:20:03,101,3226
2024-10-07 02:20:03,101,3225
2024-10-07 02:30:02,105,3114
2024-10-07 02:30:03,105,3228
2024-10-07 02:30:03,105,3211
2024-10-07 02:40:02,102,3127
2024-10-07 02:40:03,102,3231
2024-10-07 02:40:03,102,3244
2024-10-07 02:50:02,99,3130
2024-10-07 02:50:03,99,3243
2024-10-07 02:50:03,99,3256
2024-10-07 03:00:03,102,3135
2024-10-07 03:00:03,102,3246
2024-10-07 03:00:04,102,3264
2024-10-07 03:10:02,99,3152
2024-10-07 03:10:02,99,3273
2024-10-07 03:10:03,99,3288
2024-10-07 03:20:02,101,3175
2024-10-07 03:20:02,101,3289
2024-10-07 03:20:03,101,3303
2024-10-07 03:30:02,103,3196
2024-10-07 03:30:02,103,3309
2024-10-07 03:30:03,103,3321
2024-10-07 03:40:02,100,3214
2024-10-07 03:40:03,100,3351
2024-10-07 03:40:03,100,3352
2024-10-07 03:50:02,101,3245
2024-10-07 03:50:03,101,3369
2024-10-07 03:50:03,101,3385
2024-10-07 04:00:02,102,3276
2024-10-07 04:00:03,102,3403
2024-10-07 04:00:03,102,3419
2024-10-07 04:10:02,100,3324
2024-10-07 04:10:03,100,3448
2024-10-07 04:10:03,100,3453
2024-10-07 04:20:03,102,3370
2024-10-07 04:20:03,102,3497
2024-10-07 04:20:03,102,3499
2024-10-07 04:30:02,105,3421
2024-10-07 04:30:02,105,3550
2024-10-07 04:30:03,105,3565
2024-10-07 04:40:02,101,3470
2024-10-07 04:40:02,101,3610
2024-10-07 04:40:03,101,3625
2024-10-07 04:50:02,100,3498
2024-10-07 04:50:02,100,3648
2024-10-07 04:50:03,100,3662
2024-10-07 05:00:02,104,3550
2024-10-07 05:00:02,104,3691
2024-10-07 05:00:03,104,3707
2024-10-07 05:10:02,103,3593
2024-10-07 05:10:03,103,3736
2024-10-07 05:10:03,103,3752
2024-10-07 05:20:02,104,3614
2024-10-07 05:20:03,104,3767
2024-10-07 05:20:03,104,3784
2024-10-07 05:30:02,99,3644
2024-10-07 05:30:03,99,3789
2024-10-07 05:30:03,99,3808
2024-10-07 05:40:02,104,3661
2024-10-07 05:40:03,104,3819
2024-10-07 05:40:03,104,3838
2024-10-07 05:50:03,102,3670
2024-10-07 05:50:03,102,3851
2024-10-07 05:50:04,102,3864
2024-10-07 06:00:02,103,3706
2024-10-07 06:00:02,103,3853
2024-10-07 06:00:03,103,3880
2024-10-07 06:10:02,103,3711
2024-10-07 06:10:02,103,3870
2024-10-07 06:10:03,103,3896
2024-10-07 06:20:02,100,3706
2024-10-07 06:20:02,100,3885
2024-10-07 06:20:03,100,3902
2024-10-07 06:30:02,102,3737
2024-10-07 06:30:03,102,3899
2024-10-07 06:30:03,102,3917
2024-10-07 06:40:02,103,3740
2024-10-07 06:40:03,103,3913
2024-10-07 06:40:03,103,3932
2024-10-07 06:50:02,105,3757
2024-10-07 06:50:03,105,3899
2024-10-07 06:50:03,105,3945
2024-10-07 07:00:02,103,3767
2024-10-07 07:00:03,103,3929
2024-10-07 07:00:03,103,3950
2024-10-07 07:10:03,104,3770
2024-10-07 07:10:03,104,3932
2024-10-07 07:10:04,104,3962
2024-10-07 07:20:02,103,3773
2024-10-07 07:20:02,103,3943
2024-10-07 07:20:03,103,3963
2024-10-07 07:30:02,100,3789
2024-10-07 07:30:02,100,3944
2024-10-07 07:30:03,100,3965
2024-10-07 07:40:02,100,3785
2024-10-07 07:40:02,100,3949
2024-10-07 07:40:03,100,3975
2024-10-07 07:50:02,102,3773
2024-10-07 07:50:03,102,3935
2024-10-07 07:50:03,102,3978
2024-10-07 08:00:02,102,3771
2024-10-07 08:00:03,102,3945
2024-10-07 08:00:03,102,3961
2024-10-07 08:10:02,102,3772
2024-10-07 08:10:03,102,3944
2024-10-07 08:10:03,102,3975
2024-10-07 08:20:02,102,3753
2024-10-07 08:20:03,102,3943
2024-10-07 08:20:03,102,3966
2024-10-07 08:30:03,103,3769
2024-10-07 08:30:03,103,3932
2024-10-07 08:30:04,103,3960
2024-10-07 08:40:02,104,3759
2024-10-07 08:40:02,104,3931
2024-10-07 08:40:03,104,3961
2024-10-07 08:50:02,101,3758
2024-10-07 08:50:02,101,3929
2024-10-07 08:50:03,101,3967
2024-10-07 09:00:02,103,3752
2024-10-07 09:00:02,103,3947
2024-10-07 09:00:03,103,3998
2024-10-07 09:10:02,105,2587
2024-10-07 09:10:02,105,2655
2024-10-07 09:10:03,105,2667
2024-10-07 09:20:02,103,2845
2024-10-07 09:20:03,103,2905
2024-10-07 09:20:03,103,2923
2024-10-07 09:30:02,104,2862
2024-10-07 09:30:03,104,2942
2024-10-07 09:30:03,104,2958
2024-10-07 09:40:02,108,2824
2024-10-07 09:40:03,108,2891
2024-10-07 09:40:03,108,2895
2024-10-07 09:50:02,105,2829
2024-10-07 09:50:03,105,2910
2024-10-07 09:50:03,105,2936
2024-10-07 10:00:03,104,2847
2024-10-07 10:00:03,104,2922
2024-10-07 10:00:04,104,2935
2024-10-07 10:10:02,106,2857
2024-10-07 10:10:02,106,2936
2024-10-07 10:10:03,106,2953
2024-10-07 10:20:02,104,2846
2024-10-07 10:20:02,104,2936
2024-10-07 10:20:03,104,2937
2024-10-07 10:30:02,104,2845
2024-10-07 10:30:02,104,2935
2024-10-07 10:30:03,104,2942
2024-10-07 10:40:02,104,2845
2024-10-07 10:40:03,104,2927
2024-10-07 10:40:03,104,2942
2024-10-07 10:50:02,103,2843
2024-10-07 10:50:03,103,2925
2024-10-07 10:50:03,103,2953
2024-10-07 11:00:02,104,2844
2024-10-07 11:00:03,104,2925
2024-10-07 11:00:03,104,2940
2024-10-07 11:10:02,103,2847
2024-10-07 11:10:03,103,2926
2024-10-07 11:10:03,103,2938
2024-10-07 11:20:03,103,2830
2024-10-07 11:20:03,103,2920
2024-10-07 11:20:04,103,2936
2024-10-07 11:30:02,103,2842
2024-10-07 11:30:02,103,2909
2024-10-07 11:30:03,103,2934
2024-10-07 11:40:02,107,2838
2024-10-07 11:40:02,107,2921
2024-10-07 11:40:03,107,2926
2024-10-07 11:50:02,104,2840
2024-10-07 11:50:02,104,2921
2024-10-07 11:50:03,104,2936
2024-10-07 12:00:02,105,2839
2024-10-07 12:00:02,105,2921
2024-10-07 12:00:03,105,2935
2024-10-07 12:10:02,106,2844
2024-10-07 12:10:03,106,2919
2024-10-07 12:10:03,106,2927
2024-10-07 12:20:02,104,2824
2024-10-07 12:20:03,104,2925
2024-10-07 12:20:03,104,2938
2024-10-07 12:30:02,109,2842
2024-10-07 12:30:03,109,2927
2024-10-07 12:30:03,109,2940
2024-10-07 12:40:02,104,2846
2024-10-07 12:40:03,104,2924
2024-10-07 12:40:03,104,2939
2024-10-07 12:50:02,102,2845
2024-10-07 12:50:03,102,2925
2024-10-07 12:50:03,102,2938
2024-10-07 13:00:02,106,2845
2024-10-07 13:00:03,106,2926
2024-10-07 13:00:03,106,2939
2024-10-07 13:10:03,103,2830
2024-10-07 13:10:03,103,2921
2024-10-07 13:10:04,103,2943
2024-10-07 13:20:02,103,2856
2024-10-07 13:20:02,103,2936
2024-10-07 13:20:03,103,2942
2024-10-07 13:30:02,104,2847
2024-10-07 13:30:02,104,2936
2024-10-07 13:30:03,104,2943
2024-10-07 13:40:02,102,2855
2024-10-07 13:40:02,102,2936
2024-10-07 13:40:03,102,2953
2024-10-07 13:50:02,103,2858
2024-10-07 13:50:02,103,2937
2024-10-07 13:50:03,103,2953
2024-10-07 14:00:02,104,2857
2024-10-07 14:00:02,104,2940
2024-10-07 14:00:03,104,2954
2024-10-07 14:10:02,103,2860
2024-10-07 14:10:03,103,2941
2024-10-07 14:10:03,103,2957
2024-10-07 14:20:02,104,2860
2024-10-07 14:20:03,104,2951
2024-10-07 14:20:03,104,2956
2024-10-07 14:30:02,105,2825
2024-10-07 14:30:03,105,2903
2024-10-07 14:30:03,105,2909
2024-10-07 14:40:02,103,2812
2024-10-07 14:40:03,103,2894
2024-10-07 14:40:03,103,2905
2024-10-07 14:50:02,102,2798
2024-10-07 14:50:03,102,2892
2024-10-07 14:50:03,102,2904
2024-10-07 15:00:02,104,2812
2024-10-07 15:00:03,104,2892
2024-10-07 15:00:03,104,2904
2024-10-07 15:10:03,103,2824
2024-10-07 15:10:03,103,2895
2024-10-07 15:10:04,103,2907
2024-10-07 15:20:02,106,2812
2024-10-07 15:20:02,106,2894
2024-10-07 15:20:03,106,2903
2024-10-07 15:30:02,102,2812
2024-10-07 15:30:02,102,2892
2024-10-07 15:30:03,102,2905
2024-10-07 15:40:02,101,2811
2024-10-07 15:40:02,101,2891
2024-10-07 15:40:03,101,2905
2024-10-07 15:50:02,101,2811
2024-10-07 15:50:02,101,2890
2024-10-07 15:50:03,101,2902
2024-10-07 16:00:02,106,2808
2024-10-07 16:00:02,106,2890
2024-10-07 16:00:03,106,2903
2024-10-07 16:10:02,104,2807
2024-10-07 16:10:03,104,2889
2024-10-07 16:10:03,104,2894
2024-10-07 16:20:02,104,2799
2024-10-07 16:20:03,104,2876
2024-10-07 16:20:03,104,2894
2024-10-07 16:30:02,100,2793
2024-10-07 16:30:03,100,2878
2024-10-07 16:30:03,100,2877
2024-10-07 16:40:02,102,2795
2024-10-07 16:40:03,102,2876
2024-10-07 16:40:03,102,2888
2024-10-07 16:50:02,104,2796
2024-10-07 16:50:03,104,2861
2024-10-07 16:50:03,104,2889
2024-10-07 17:00:03,102,2732
2024-10-07 17:00:03,102,2779
2024-10-07 17:00:03,102,2778
2024-10-07 17:10:02,102,3463
2024-10-07 17:10:02,102,3546
2024-10-07 17:10:03,102,3529
2024-10-07 17:20:02,103,3576
2024-10-07 17:20:02,103,3688
2024-10-07 17:20:03,103,3674
2024-10-07 17:30:02,108,3610
2024-10-07 17:30:02,108,3727
2024-10-07 17:30:03,108,3706
2024-10-07 17:40:02,103,3642
2024-10-07 17:40:02,103,3755
2024-10-07 17:40:03,103,3742
2024-10-07 17:50:02,105,3661
2024-10-07 17:50:02,105,3800
2024-10-07 17:50:03,105,3789
2024-10-07 18:00:02,98,3690
2024-10-07 18:00:02,98,3832
2024-10-07 18:00:03,98,3836
2024-10-07 18:10:02,105,3687
2024-10-07 18:10:03,105,3821
2024-10-07 18:10:03,105,3831
2024-10-07 18:20:02,104,3641
2024-10-07 18:20:03,104,3790
2024-10-07 18:20:03,104,3801
2024-10-07 18:30:02,103,3624
2024-10-07 18:30:03,103,3751
2024-10-07 18:30:03,103,3757
2024-10-07 18:40:02,103,3560
2024-10-07 18:40:03,103,3688
2024-10-07 18:40:03,103,3693
2024-10-07 18:50:02,101,3486
2024-10-07 18:50:03,101,3627
2024-10-07 18:50:03,101,3640
2024-10-07 19:00:03,107,3455
2024-10-07 19:00:03,107,3563
2024-10-07 19:00:04,107,3576
2024-10-07 19:10:02,105,3388
2024-10-07 19:10:02,105,3512
2024-10-07 19:10:03,105,3529
2024-10-07 19:20:02,103,3368
2024-10-07 19:20:02,103,3482
2024-10-07 19:20:03,103,3486
2024-10-07 19:30:02,102,3336
2024-10-07 19:30:02,102,3434
2024-10-07 19:30:03,102,3448
2024-10-07 19:40:02,106,3304
2024-10-07 19:40:02,106,3417
2024-10-07 19:40:03,106,3430
2024-10-07 19:50:02,98,3276
2024-10-07 19:50:02,98,3388
2024-10-07 19:50:03,98,3391
2024-10-07 20:00:02,101,3256
2024-10-07 20:00:03,101,3367
2024-10-07 20:00:03,101,3372
2024-10-07 20:10:02,104,3241
2024-10-07 20:10:03,104,3353
2024-10-07 20:10:03,104,3356
2024-10-07 20:20:02,102,3227
2024-10-07 20:20:03,102,3338
2024-10-07 20:20:03,102,3342
2024-10-07 20:30:02,100,3208
2024-10-07 20:30:03,100,3336
2024-10-07 20:30:03,100,3341
2024-10-07 20:40:02,100,3210
2024-10-07 20:40:03,100,3320
2024-10-07 20:40:03,100,3326
2024-10-07 20:50:02,101,3197
2024-10-07 20:50:03,101,3308
2024-10-07 20:50:03,101,3319
2024-10-07 21:00:03,102,3193
2024-10-07 21:00:03,102,3304
2024-10-07 21:00:03,102,3295
2024-10-07 21:10:02,102,3183
2024-10-07 21:10:02,102,3293
2024-10-07 21:10:03,102,3306
2024-10-07 21:20:02,99,3180
2024-10-07 21:20:02,99,3288
2024-10-07 21:20:03,99,3279
2024-10-07 21:30:02,99,3166
2024-10-07 21:30:02,99,3277
2024-10-07 21:30:03,99,3289
2024-10-07 21:40:02,97,3162
2024-10-07 21:40:02,97,3272
2024-10-07 21:40:03,97,3278
2024-10-07 21:50:02,100,3162
2024-10-07 21:50:02,100,3272
2024-10-07 21:50:03,100,3275
2024-10-07 22:00:02,100,3150
2024-10-07 22:00:03,100,3259
2024-10-07 22:00:03,100,3273
2024-10-07 22:10:02,100,3146
2024-10-07 22:10:03,100,3255
2024-10-07 22:10:03,100,3261
2024-10-07 22:20:02,104,3145
2024-10-07 22:20:03,104,3256
2024-10-07 22:20:03,104,3272
2024-10-07 22:30:02,98,3159
2024-10-07 22:30:03,98,3242
2024-10-07 22:30:03,98,3242
2024-10-07 22:40:02,104,3133
2024-10-07 22:40:03,104,3242
2024-10-07 22:40:03,104,3248
2024-10-07 22:50:02,102,3131
2024-10-07 22:50:03,102,3240
2024-10-07 22:50:03,102,3245
2024-10-07 23:00:03,99,3128
2024-10-07 23:00:03,99,3230
2024-10-07 23:00:04,99,3242
2024-10-07 23:10:02,102,3116
2024-10-07 23:10:02,102,3227
2024-10-07 23:10:03,102,3240
2024-10-07 23:20:02,102,3116
2024-10-07 23:20:02,102,3226
2024-10-07 23:20:03,102,3240
2024-10-07 23:30:02,101,3116
2024-10-07 23:30:02,101,3224
2024-10-07 23:30:03,101,3228
2024-10-07 23:40:02,103,3114
2024-10-07 23:40:02,103,3216
2024-10-07 23:40:03,103,3228
2024-10-07 23:50:02,102,3088
2024-10-07 23:50:03,102,3212
2024-10-07 23:50:03,102,3226
2024-10-08 00:00:02,98,3103
2024-10-08 00:00:03,98,3212
2024-10-08 00:00:03,98,3224
2024-10-08 00:10:02,103,3100
2024-10-08 00:10:03,103,3210
2024-10-08 00:10:03,103,3216
2024-10-08 00:20:02,103,3101
2024-10-08 00:20:03,103,3214
2024-10-08 00:20:03,103,3208
2024-10-08 00:30:02,100,3099
2024-10-08 00:30:03,100,3209
2024-10-08 00:30:03,100,3213
2024-10-08 00:40:03,101,3083
2024-10-08 00:40:03,101,3197
2024-10-08 00:40:03,101,3223
2024-10-08 00:50:02,101,3086
2024-10-08 00:50:02,101,3199
2024-10-08 00:50:03,101,3224
2024-10-08 01:00:02,101,3087
2024-10-08 01:00:02,101,3182
2024-10-08 01:00:03,101,3193
2024-10-08 01:10:02,101,3085
2024-10-08 01:10:02,101,3196
2024-10-08 01:10:03,101,3199
2024-10-08 01:20:02,103,3083
2024-10-08 01:20:02,103,3193
2024-10-08 01:20:03,103,3199
2024-10-08 01:30:02,101,3072
2024-10-08 01:30:02,101,3190
2024-10-08 01:30:03,101,3196
2024-10-08 01:40:02,102,3082
2024-10-08 01:40:03,102,3183
2024-10-08 01:40:03,102,3197
2024-10-08 01:50:02,104,3068
2024-10-08 01:50:03,104,3179
2024-10-08 01:50:03,104,3194
2024-10-08 02:00:02,100,3070
2024-10-08 02:00:03,100,3180
2024-10-08 02:00:03,100,3194
2024-10-08 02:10:02,104,3065
2024-10-08 02:10:03,104,3176
2024-10-08 02:10:03,104,3191
2024-10-08 02:20:02,100,3067
2024-10-08 02:20:03,100,3178
2024-10-08 02:20:03,100,3192
2024-10-08 02:30:02,101,3067
2024-10-08 02:30:03,101,3176
2024-10-08 02:30:03,101,3180
2024-10-08 02:40:03,101,3064
2024-10-08 02:40:03,101,3144
2024-10-08 02:40:03,101,3177
2024-10-08 02:50:03,101,3065
2024-10-08 02:50:03,101,3168
2024-10-08 02:50:04,101,3181
2024-10-08 03:00:02,100,3064
2024-10-08 03:00:02,100,3167
2024-10-08 03:00:03,100,3180
2024-10-08 03:10:02,98,3064
2024-10-08 03:10:02,98,3168
2024-10-08 03:10:03,98,3182
2024-10-08 03:20:02,102,3065
2024-10-08 03:20:02,102,3166
2024-10-08 03:20:03,102,3182
2024-10-08 03:30:02,99,3062
2024-10-08 03:30:02,99,3149
2024-10-08 03:30:03,99,3179
2024-10-08 03:40:02,103,3063
2024-10-08 03:40:03,103,3167
2024-10-08 03:40:03,103,3168
2024-10-08 03:50:02,99,3066
2024-10-08 03:50:03,99,3177
2024-10-08 03:50:03,99,3182
2024-10-08 04:00:02,100,3067
2024-10-08 04:00:03,100,3178
2024-10-08 04:00:03,100,3192
2024-10-08 04:10:02,103,3072
2024-10-08 04:10:03,103,3181
2024-10-08 04:10:03,103,3196
2024-10-08 04:20:02,102,3068
2024-10-08 04:20:03,102,3197
2024-10-08 04:20:03,102,3208
2024-10-08 04:30:03,101,3096
2024-10-08 04:30:03,101,3213
2024-10-08 04:30:03,101,3213
2024-10-08 04:40:02,99,3112
2024-10-08 04:40:02,99,3223
2024-10-08 04:40:03,99,3232
2024-10-08 04:50:02,100,3129
2024-10-08 04:50:02,100,3230
2024-10-08 04:50:03,100,3244
2024-10-08 05:00:02,100,3127
2024-10-08 05:00:02,100,3243
2024-10-08 05:00:03,100,3261
2024-10-08 05:10:02,101,3134
2024-10-08 05:10:02,101,3261
2024-10-08 05:10:03,101,3288
2024-10-08 05:20:02,100,3164
2024-10-08 05:20:02,100,3279
2024-10-08 05:20:03,100,3293
2024-10-08 05:30:02,104,3191
2024-10-08 05:30:02,104,3304
2024-10-08 05:30:03,104,3312
2024-10-08 05:40:02,103,3208
2024-10-08 05:40:03,103,3322
2024-10-08 05:40:03,103,3338
2024-10-08 05:50:02,105,3210
2024-10-08 05:50:03,105,3341
2024-10-08 05:50:03,105,3357
2024-10-08 06:00:02,103,3243
2024-10-08 06:00:03,103,3358
2024-10-08 06:00:03,103,3373
2024-10-08 06:10:02,105,3264
2024-10-08 06:10:03,105,3385
2024-10-08 06:10:03,105,3401
2024-10-08 06:20:02,103,3289
2024-10-08 06:20:03,103,3406
2024-10-08 06:20:03,103,3423
2024-10-08 06:30:03,102,3306
2024-10-08 06:30:03,102,3434
2024-10-08 06:30:04,102,3451
2024-10-08 06:40:02,101,3324
2024-10-08 06:40:02,101,3449
2024-10-08 06:40:03,101,3468
2024-10-08 06:50:02,102,3341
2024-10-08 06:50:02,102,3466
2024-10-08 06:50:03,102,3483
2024-10-08 07:00:02,101,3355
2024-10-08 07:00:02,101,3481
2024-10-08 07:00:03,101,3497
2024-10-08 07:10:02,103,3360
2024-10-08 07:10:02,103,3487
2024-10-08 07:10:03,103,3512
2024-10-08 07:20:02,105,3372
2024-10-08 07:20:02,105,3512
2024-10-08 07:20:03,105,3499
2024-10-08 07:30:02,104,3370
2024-10-08 07:30:03,104,3516
2024-10-08 07:30:03,104,3517
2024-10-08 07:40:02,101,3389
2024-10-08 07:40:03,101,3515
2024-10-08 07:40:03,101,3535
2024-10-08 07:50:02,102,3403
2024-10-08 07:50:03,102,3532
2024-10-08 07:50:03,102,3561
2024-10-08 08:00:02,104,3416
2024-10-08 08:00:03,104,3545
2024-10-08 08:00:03,104,3563
2024-10-08 08:10:03,102,3419
2024-10-08 08:10:03,102,3536
2024-10-08 08:10:03,102,3566
2024-10-08 08:20:02,106,3433
2024-10-08 08:20:02,106,3543
2024-10-08 08:20:03,106,3581
2024-10-08 08:30:02,103,3437
2024-10-08 08:30:02,103,3567
2024-10-08 08:30:03,103,3593
2024-10-08 08:40:02,104,3450
2024-10-08 08:40:02,104,3579
2024-10-08 08:40:03,104,3598
2024-10-08 08:50:02,104,3451
2024-10-08 08:50:02,104,3580
2024-10-08 08:50:03,104,3600
2024-10-08 09:00:02,102,3464
2024-10-08 09:00:02,102,3625
2024-10-08 09:00:03,102,3645
2024-10-08 09:10:02,104,2284
2024-10-08 09:10:02,104,2346
2024-10-08 09:10:03,104,2349
2024-10-08 09:20:02,103,2631
2024-10-08 09:20:03,103,2696
2024-10-08 09:20:03,103,2700
2024-10-08 09:30:02,101,2633
2024-10-08 09:30:03,101,2686
2024-10-08 09:30:03,101,2685
2024-10-08 09:40:02,101,2617
2024-10-08 09:40:03,101,2681
2024-10-08 09:40:03,101,2672
2024-10-08 09:50:02,105,2653
2024-10-08 09:50:03,105,2728
2024-10-08 09:50:03,105,2718
2024-10-08 10:00:02,103,2668
2024-10-08 10:00:03,103,2736
2024-10-08 10:00:03,103,2734
2024-10-08 10:10:02,103,2667
2024-10-08 10:10:03,103,2745
2024-10-08 10:10:03,103,2780
2024-10-08 10:20:03,101,2668
2024-10-08 10:20:03,101,2730
2024-10-08 10:20:04,101,2733
2024-10-08 10:30:02,105,2666
2024-10-08 10:30:02,105,2746
2024-10-08 10:30:03,105,2733
2024-10-08 10:40:02,102,2664
2024-10-08 10:40:02,102,2728
2024-10-08 10:40:03,102,2734
2024-10-08 10:50:02,104,2649
2024-10-08 10:50:02,104,2716
2024-10-08 10:50:03,104,2713
2024-10-08 11:00:02,97,2639
2024-10-08 11:00:02,97,2711
2024-10-08 11:00:03,97,2713
2024-10-08 11:10:02,100,2637
2024-10-08 11:10:03,100,2702
2024-10-08 11:10:03,100,2701
2024-10-08 11:20:02,104,2632
2024-10-08 11:20:03,104,2711
2024-10-08 11:20:03,104,2695
2024-10-08 11:30:02,101,2633
2024-10-08 11:30:03,101,2696
2024-10-08 11:30:03,101,2696
2024-10-08 11:40:02,104,2614
2024-10-08 11:40:03,104,2688
2024-10-08 11:40:03,104,2695
2024-10-08 11:50:02,103,2619
2024-10-08 11:50:03,103,2687
2024-10-08 11:50:03,103,2699
2024-10-08 12:00:03,102,2618
2024-10-08 12:00:03,102,2685
2024-10-08 12:00:03,102,2683
2024-10-08 12:10:02,102,2616
2024-10-08 12:10:02,102,2682
2024-10-08 12:10:03,102,2683
2024-10-08 12:20:02,103,2621
2024-10-08 12:20:02,103,2685
2024-10-08 12:20:03,103,2687
2024-10-08 12:30:02,101,2617
2024-10-08 12:30:02,101,2682
2024-10-08 12:30:03,101,2680
2024-10-08 12:40:02,106,2616
2024-10-08 12:40:02,106,2681
2024-10-08 12:40:03,106,2682
2024-10-08 12:50:02,106,2620
2024-10-08 12:50:02,106,2682
2024-10-08 12:50:03,106,2683
2024-10-08 13:00:02,101,2607
2024-10-08 13:00:02,101,2682
2024-10-08 13:00:03,101,2681
2024-10-08 13:10:02,105,2605
2024-10-08 13:10:03,105,2681
2024-10-08 13:10:03,105,2670
2024-10-08 13:20:02,102,2617
2024-10-08 13:20:03,102,2683
2024-10-08 13:20:03,102,2683
2024-10-08 13:30:02,108,2619
2024-10-08 13:30:03,108,2683
2024-10-08 13:30:03,108,2681
2024-10-08 13:40:02,103,2605
2024-10-08 13:40:03,103,2683
2024-10-08 13:40:03,103,2682
2024-10-08 13:50:02,105,2617
2024-10-08 13:50:03,105,2684
2024-10-08 13:50:03,105,2684
2024-10-08 14:00:03,102,2616
2024-10-08 14:00:03,102,2682
2024-10-08 14:00:03,102,2680
2024-10-08 14:10:02,106,2615
2024-10-08 14:10:02,106,2680
2024-10-08 14:10:03,106,2681
2024-10-08 14:20:02,107,2616
2024-10-08 14:20:02,107,2671
2024-10-08 14:20:03,107,2683
2024-10-08 14:30:02,105,2606
2024-10-08 14:30:02,105,2681
2024-10-08 14:30:03,105,2683
2024-10-08 14:40:02,107,2617
2024-10-08 14:40:02,107,2681
2024-10-08 14:40:03,107,2696
2024-10-08 14:50:02,107,2592
2024-10-08 14:50:02,107,2682
2024-10-08 14:50:03,107,2664
2024-10-08 15:00:02,104,2604
2024-10-08 15:00:02,104,2680
2024-10-08 15:00:03,104,2680
2024-10-08 15:10:02,104,2605
2024-10-08 15:10:03,104,2667
2024-10-08 15:10:03,104,2669
2024-10-08 15:20:02,103,2615
2024-10-08 15:20:03,103,2679
2024-10-08 15:20:03,103,2688
2024-10-08 15:30:02,107,2618
2024-10-08 15:30:03,107,2668
2024-10-08 15:30:03,107,2681
2024-10-08 15:40:02,107,2600
2024-10-08 15:40:03,107,2667
2024-10-08 15:40:03,107,2666
2024-10-08 15:50:02,101,2602
2024-10-08 15:50:03,101,2667
2024-10-08 15:50:03,101,2666
2024-10-08 16:00:03,105,2601
2024-10-08 16:00:03,105,2666
2024-10-08 16:00:03,105,2665
2024-10-08 16:10:02,106,2586
2024-10-08 16:10:02,106,2653
2024-10-08 16:10:03,106,2651
2024-10-08 16:20:02,104,2598
2024-10-08 16:20:02,104,2654
2024-10-08 16:20:03,104,2654
2024-10-08 16:30:02,102,2602
2024-10-08 16:30:02,102,2635
2024-10-08 16:30:03,102,2639
2024-10-08 16:40:02,105,2560
2024-10-08 16:40:02,105,2635
2024-10-08 16:40:03,105,2633
2024-10-08 16:50:02,103,2573
2024-10-08 16:50:02,103,2634
2024-10-08 16:50:03,103,2622
2024-10-08 17:00:02,105,2554
2024-10-08 17:00:02,105,2571
2024-10-08 17:00:03,105,2538
2024-10-08 17:10:02,105,3207
2024-10-08 17:10:03,105,3325
2024-10-08 17:10:03,105,3292
2024-10-08 17:20:02,105,3322
2024-10-08 17:20:03,105,3422
2024-10-08 17:20:03,105,3402
2024-10-08 17:30:02,108,3337
2024-10-08 17:30:03,108,3448
2024-10-08 17:30:03,108,3436
2024-10-08 17:40:02,109,3369
2024-10-08 17:40:03,109,3467
2024-10-08 17:40:03,109,3452
2024-10-08 17:50:02,109,3368
2024-10-08 17:50:03,109,3467
2024-10-08 17:50:03,109,3455
2024-10-08 18:00:02,103,3407
2024-10-08 18:00:03,103,3531
2024-10-08 18:00:03,103,3550
2024-10-08 18:10:03,107,3391
2024-10-08 18:10:03,107,3515
2024-10-08 18:10:04,107,3526
2024-10-08 18:20:02,109,3372
2024-10-08 18:20:02,109,3485
2024-10-08 18:20:03,109,3511
2024-10-08 18:30:02,106,3369
2024-10-08 18:30:02,106,3432
2024-10-08 18:30:03,106,3469
2024-10-08 18:40:02,107,3336
2024-10-08 18:40:02,107,3448
2024-10-08 18:40:03,107,3451
2024-10-08 18:50:02,105,3321
2024-10-08 18:50:02,105,3432
2024-10-08 18:50:03,105,3448
2024-10-08 19:00:02,104,3291
2024-10-08 19:00:02,104,3400
2024-10-08 19:00:03,104,3414
2024-10-08 19:10:02,105,3274
2024-10-08 19:10:03,105,3385
2024-10-08 19:10:03,105,3389
2024-10-08 19:20:02,108,3244
2024-10-08 19:20:03,108,3368
2024-10-08 19:20:03,108,3367
2024-10-08 19:30:02,111,3224
2024-10-08 19:30:03,111,3304
2024-10-08 19:30:03,111,3343
2024-10-08 19:40:02,104,3197
2024-10-08 19:40:03,104,3324
2024-10-08 19:40:03,104,3336
2024-10-08 19:50:02,104,3195
2024-10-08 19:50:03,104,3309
2024-10-08 19:50:03,104,3306
2024-10-08 20:00:02,109,3178
2024-10-08 20:00:03,109,3277
2024-10-08 20:00:03,109,3291
2024-10-08 20:10:03,109,3159
2024-10-08 20:10:03,109,3261
2024-10-08 20:10:04,109,3272
2024-10-08 20:20:02,104,3144
2024-10-08 20:20:02,104,3245
2024-10-08 20:20:03,104,3272
2024-10-08 20:30:02,107,3127
2024-10-08 20:30:02,107,3227
2024-10-08 20:30:03,107,3239
2024-10-08 20:40:02,107,3116
2024-10-08 20:40:02,107,3224
2024-10-08 20:40:03,107,3229
2024-10-08 20:50:02,109,3113
2024-10-08 20:50:02,109,3215
2024-10-08 20:50:03,109,3227
2024-10-08 21:00:02,108,3103
2024-10-08 21:00:02,108,3211
2024-10-08 21:00:03,108,3223
2024-10-08 21:10:02,108,3100
2024-10-08 21:10:03,108,3208
2024-10-08 21:10:03,108,3213
2024-10-08 21:20:02,105,3101
2024-10-08 21:20:03,105,3208
2024-10-08 21:20:03,105,3210
2024-10-08 21:30:02,106,3099
2024-10-08 21:30:03,106,3207
2024-10-08 21:30:03,106,3211
2024-10-08 21:40:02,107,3088
2024-10-08 21:40:03,107,3197
2024-10-08 21:40:03,107,3209
2024-10-08 21:50:02,104,3088
2024-10-08 21:50:03,104,3208
2024-10-08 21:50:03,104,3208
2024-10-08 22:00:02,104,3071
2024-10-08 22:00:03,104,3178
2024-10-08 22:00:03,104,3197
2024-10-08 22:10:03,104,3084
2024-10-08 22:10:03,104,3183
2024-10-08 22:10:04,104,3194
2024-10-08 22:20:02,104,3081
2024-10-08 22:20:02,104,3191
2024-10-08 22:20:03,104,3207
2024-10-08 22:30:02,104,3069
2024-10-08 22:30:02,104,3174
2024-10-08 22:30:03,104,3193
2024-10-08 22:40:02,107,3072
2024-10-08 22:40:02,107,3179
2024-10-08 22:40:03,107,3191
2024-10-08 22:50:02,104,3072
2024-10-08 22:50:02,104,3178
2024-10-08 22:50:03,104,3192
2024-10-08 23:00:02,105,3069
2024-10-08 23:00:02,105,3176
2024-10-08 23:00:03,105,3182
2024-10-08 23:10:02,109,3067
2024-10-08 23:10:02,109,3174
2024-10-08 23:10:03,109,3180
2024-10-08 23:20:02,103,3066
2024-10-08 23:20:03,103,3166
2024-10-08 23:20:03,103,3178
2024-10-08 23:30:02,104,3065
2024-10-08 23:30:03,104,3165
2024-10-08 23:30:03,104,3177
2024-10-08 23:40:02,105,3054
2024-10-08 23:40:03,105,3163
2024-10-08 23:40:03,105,3167
2024-10-08 23:50:02,104,3018
2024-10-08 23:50:03,104,3162
2024-10-08 23:50:03,104,3168
2024-10-09 00:00:02,104,3054
2024-10-09 00:00:03,104,3164
2024-10-09 00:00:03,104,3176
2024-10-09 00:10:02,105,3052
2024-10-09 00:10:03,105,3160
2024-10-09 00:10:03,105,3165
2024-10-09 00:20:03,103,3016
2024-10-09 00:20:03,103,3150
2024-10-09 00:20:04,103,3165
2024-10-09 00:30:02,106,3050
2024-10-09 00:30:02,106,3159
2024-10-09 00:30:03,106,3165
2024-10-09 00:40:02,103,3049
2024-10-09 00:40:02,103,3150
2024-10-09 00:40:03,103,3161
2024-10-09 00:50:02,107,3048
2024-10-09 00:50:02,107,3160
2024-10-09 00:50:03,107,3163
2024-10-09 01:00:02,104,3050
2024-10-09 01:00:02,104,3158
2024-10-09 01:00:03,104,3163
2024-10-09 01:10:02,109,3049
2024-10-09 01:10:03,109,3151
2024-10-09 01:10:03,109,3163
2024-10-09 01:20:02,104,3054
2024-10-09 01:20:03,104,3152
2024-10-09 01:20:03,104,3162
2024-10-09 01:30:02,104,3048
2024-10-09 01:30:03,104,3149
2024-10-09 01:30:03,104,3160
2024-10-09 01:40:02,106,3049
2024-10-09 01:40:03,106,3160
2024-10-09 01:40:03,106,3162
2024-10-09 01:50:02,104,3049
2024-10-09 01:50:03,104,3151
2024-10-09 01:50:03,104,3162
2024-10-09 02:00:02,101,3048
2024-10-09 02:00:03,101,3151
2024-10-09 02:00:03,101,3160
2024-10-09 02:10:03,104,3033
2024-10-09 02:10:03,104,3148
2024-10-09 02:10:04,104,3160
2024-10-09 02:20:02,102,3039
2024-10-09 02:20:02,102,3147
2024-10-09 02:20:03,102,3160
2024-10-09 02:30:02,104,3038
2024-10-09 02:30:02,104,3146
2024-10-09 02:30:03,104,3164
2024-10-09 02:40:02,103,3035
2024-10-09 02:40:02,103,3145
2024-10-09 02:40:03,103,3150
2024-10-09 02:50:02,106,3034
2024-10-09 02:50:02,106,3145
2024-10-09 02:50:03,106,3133
2024-10-09 03:00:02,105,3036
2024-10-09 03:00:02,105,3144
2024-10-09 03:00:03,105,3148
2024-10-09 03:10:02,103,3036
2024-10-09 03:10:03,103,3144
2024-10-09 03:10:03,103,3148
2024-10-09 03:20:02,104,3034
2024-10-09 03:20:03,104,3135
2024-10-09 03:20:03,104,3149
2024-10-09 03:30:02,105,3033
2024-10-09 03:30:03,105,3129
2024-10-09 03:30:03,105,3146
2024-10-09 03:40:02,108,3032
2024-10-09 03:40:03,108,3134
2024-10-09 03:40:03,108,3147
2024-10-09 03:50:02,103,3018
2024-10-09 03:50:03,103,3134
2024-10-09 03:50:03,103,3158
2024-10-09 04:00:02,105,3033
2024-10-09 04:00:03,105,3134
2024-10-09 04:00:03,105,3148
2024-10-09 04:10:03,103,3023
2024-10-09 04:10:03,103,3132
2024-10-09 04:10:04,103,3147
2024-10-09 04:20:02,103,3032
2024-10-09 04:20:02,103,3134
2024-10-09 04:20:03,103,3146
2024-10-09 04:30:02,104,3022
2024-10-09 04:30:02,104,3131
2024-10-09 04:30:03,104,3145
2024-10-09 04:40:02,104,3022
2024-10-09 04:40:02,104,3131
2024-10-09 04:40:03,104,3130
2024-10-09 04:50:02,107,3020
2024-10-09 04:50:02,107,3177
2024-10-09 04:50:03,107,3145
2024-10-09 05:00:02,105,3021
2024-10-09 05:00:03,105,3130
2024-10-09 05:00:03,105,3146
2024-10-09 05:10:02,103,3022
2024-10-09 05:10:03,103,3132
2024-10-09 05:10:03,103,3148
2024-10-09 05:20:02,104,3022
2024-10-09 05:20:03,104,3133
2024-10-09 05:20:03,104,3144
2024-10-09 05:30:02,104,3033
2024-10-09 05:30:03,104,3133
2024-10-09 05:30:03,104,3145
2024-10-09 05:40:02,106,3033
2024-10-09 05:40:03,106,3134
2024-10-09 05:40:03,106,3151
2024-10-09 05:50:02,105,3034
2024-10-09 05:50:03,105,3144
2024-10-09 05:50:03,105,3160
2024-10-09 06:00:03,107,3048
2024-10-09 06:00:03,107,3132
2024-10-09 06:00:04,107,3161
2024-10-09 06:10:02,106,3046
2024-10-09 06:10:02,106,3150
2024-10-09 06:10:03,106,3165
2024-10-09 06:20:02,107,3032
2024-10-09 06:20:02,107,3160
2024-10-09 06:20:03,107,3150
2024-10-09 06:30:02,108,3051
2024-10-09 06:30:02,108,3160
2024-10-09 06:30:03,108,3177
2024-10-09 06:40:02,102,3053
2024-10-09 06:40:02,102,3164
2024-10-09 06:40:03,102,3179
2024-10-09 06:50:02,106,3067
2024-10-09 06:50:02,106,3175
2024-10-09 06:50:03,106,3178
2024-10-09 07:00:02,105,3064
2024-10-09 07:00:03,105,3162
2024-10-09 07:00:03,105,3183
2024-10-09 07:10:02,107,3064
2024-10-09 07:10:03,107,3176
2024-10-09 07:10:03,107,3192
2024-10-09 07:20:02,106,3070
2024-10-09 07:20:03,106,3180
2024-10-09 07:20:03,106,3194
2024-10-09 07:30:02,104,3067
2024-10-09 07:30:03,104,3179
2024-10-09 07:30:03,104,3182
2024-10-09 07:40:02,107,3067
2024-10-09 07:40:03,107,3179
2024-10-09 07:40:03,107,3195
2024-10-09 07:50:02,104,3083
2024-10-09 07:50:03,104,3180
2024-10-09 07:50:03,104,3209
2024-10-09 08:00:03,106,3068
2024-10-09 08:00:03,106,3193
2024-10-09 08:00:03,106,3198
2024-10-09 08:10:02,104,3069
2024-10-09 08:10:02,104,3180
2024-10-09 08:10:03,104,3195
2024-10-09 08:20:02,105,3070
2024-10-09 08:20:02,105,3181
2024-10-09 08:20:03,105,3198
2024-10-09 08:30:02,107,3069
2024-10-09 08:30:02,107,3181
2024-10-09 08:30:03,107,3199
2024-10-09 08:40:02,106,3071
2024-10-09 08:40:02,106,3182
2024-10-09 08:40:03,106,3206
2024-10-09 08:50:02,107,3072
2024-10-09 08:50:02,107,3183
2024-10-09 08:50:03,107,3208
2024-10-09 09:00:02,106,3100
2024-10-09 09:00:03,106,3230
2024-10-09 09:00:03,106,3256
2024-10-09 09:10:02,104,1996
2024-10-09 09:10:03,104,2043
2024-10-09 09:10:03,104,2043
2024-10-09 09:20:02,104,2303
2024-10-09 09:20:03,104,2346
2024-10-09 09:20:03,104,2366
2024-10-09 09:30:02,104,2283
2024-10-09 09:30:03,104,2334
2024-10-09 09:30:03,104,2333
2024-10-09 09:40:02,105,2265
2024-10-09 09:40:03,105,2315
2024-10-09 09:40:03,105,2334
2024-10-09 09:50:02,104,2327
2024-10-09 09:50:03,104,2380
2024-10-09 09:50:03,104,2374
2024-10-09 10:00:03,108,2348
2024-10-09 10:00:03,108,2398
2024-10-09 10:00:03,108,2398
2024-10-09 10:10:02,106,2359
2024-10-09 10:10:02,106,2411
2024-10-09 10:10:03,106,2408
2024-10-09 10:20:02,104,2363
2024-10-09 10:20:02,104,2424
2024-10-09 10:20:03,104,2412
2024-10-09 10:30:02,102,2364
2024-10-09 10:30:02,102,2425
2024-10-09 10:30:03,102,2413
2024-10-09 10:40:02,101,2364
2024-10-09 10:40:02,101,2424
2024-10-09 10:40:03,101,2415
2024-10-09 10:50:02,103,2362
2024-10-09 10:50:03,103,2424
2024-10-09 10:50:03,103,2412
2024-10-09 11:00:02,104,2360
2024-10-09 11:00:03,104,2414
2024-10-09 11:00:03,104,2411
2024-10-09 11:10:02,103,2350
2024-10-09 11:10:03,103,2412
2024-10-09 11:10:03,103,2408
2024-10-09 11:20:02,105,2350
2024-10-09 11:20:03,105,2412
2024-10-09 11:20:03,105,2409
2024-10-09 11:30:02,101,2352
2024-10-09 11:30:03,101,2413
2024-10-09 11:30:03,101,2410
2024-10-09 11:40:02,102,2359
2024-10-09 11:40:03,102,2412
2024-10-09 11:40:03,102,2408
2024-10-09 11:50:03,104,2359
2024-10-09 11:50:03,104,2410
2024-10-09 11:50:04,104,2397
2024-10-09 12:00:02,105,2351
2024-10-09 12:00:02,105,2410
2024-10-09 12:00:03,105,2397
2024-10-09 12:10:02,102,2329
2024-10-09 12:10:02,102,2396
2024-10-09 12:10:03,102,2395
2024-10-09 12:20:02,103,2344
2024-10-09 12:20:02,103,2398
2024-10-09 12:20:03,103,2396
2024-10-09 12:30:02,105,2344
2024-10-09 12:30:02,105,2398
2024-10-09 12:30:03,105,2409
2024-10-09 12:40:02,105,2344
2024-10-09 12:40:02,105,2407
2024-10-09 12:40:03,105,2408
2024-10-09 12:50:02,105,2343
2024-10-09 12:50:03,105,2395
2024-10-09 12:50:03,105,2408
2024-10-09 13:00:02,108,2330
2024-10-09 13:00:03,108,2392
2024-10-09 13:00:03,108,2393
2024-10-09 13:10:02,105,2335
2024-10-09 13:10:03,105,2395
2024-10-09 13:10:03,105,2392
2024-10-09 13:20:02,103,2330
2024-10-09 13:20:03,103,2394
2024-10-09 13:20:03,103,2395
2024-10-09 13:30:02,107,2333
2024-10-09 13:30:03,107,2396
2024-10-09 13:30:03,107,2395
2024-10-09 13:40:02,108,2344
2024-10-09 13:40:03,108,2397
2024-10-09 13:40:03,108,2395
2024-10-09 13:50:03,103,2336
2024-10-09 13:50:03,103,2392
2024-10-09 13:50:03,103,2398
2024-10-09 14:00:02,106,2330
2024-10-09 14:00:02,106,2391
2024-10-09 14:00:03,106,2391
2024-10-09 14:10:02,108,2318
2024-10-09 14:10:02,108,2380
2024-10-09 14:10:03,108,2381
2024-10-09 14:20:02,107,2316
2024-10-09 14:20:02,107,2377
2024-10-09 14:20:03,107,2378
2024-10-09 14:30:02,107,2314
2024-10-09 14:30:02,107,2377
2024-10-09 14:30:03,107,2377
2024-10-09 14:40:02,107,2313
2024-10-09 14:40:03,107,2346
2024-10-09 14:40:03,107,2363
2024-10-09 14:50:02,105,2313
2024-10-09 14:50:03,105,2425
2024-10-09 14:50:03,105,2360
2024-10-09 15:00:02,106,2312
2024-10-09 15:00:03,106,2376
2024-10-09 15:00:03,106,2379
2024-10-09 15:10:02,104,2312
2024-10-09 15:10:03,104,2367
2024-10-09 15:10:03,104,2376
2024-10-09 15:20:02,103,2315
2024-10-09 15:20:03,103,2367
2024-10-09 15:20:03,103,2361
2024-10-09 15:30:02,106,2311
2024-10-09 15:30:03,106,2366
2024-10-09 15:30:03,106,2378
2024-10-09 15:40:03,105,2301
2024-10-09 15:40:03,105,2363
2024-10-09 15:40:03,105,2363
2024-10-09 15:50:03,106,2297
2024-10-09 15:50:03,106,2360
2024-10-09 15:50:04,106,2349
2024-10-09 16:00:02,105,2285
2024-10-09 16:00:02,105,2347
2024-10-09 16:00:03,105,2346
2024-10-09 16:10:02,107,2281
2024-10-09 16:10:02,107,2333
2024-10-09 16:10:03,107,2335
2024-10-09 16:20:02,108,2269
2024-10-09 16:20:02,108,2332
2024-10-09 16:20:03,108,2331
2024-10-09 16:30:02,105,2266
2024-10-09 16:30:02,105,2319
2024-10-09 16:30:03,105,2317
2024-10-09 16:40:02,105,2280
2024-10-09 16:40:03,105,2332
2024-10-09 16:40:03,105,2316
2024-10-09 16:50:02,102,2255
2024-10-09 16:50:03,102,2312
2024-10-09 16:50:03,102,2299
2024-10-09 17:00:02,105,2203
2024-10-09 17:00:03,105,2220
2024-10-09 17:00:03,105,2217
2024-10-09 17:10:02,105,2936
2024-10-09 17:10:03,105,3016
2024-10-09 17:10:03,105,3004
2024-10-09 17:20:03,109,3034
2024-10-09 17:20:03,109,3119
2024-10-09 17:20:04,109,3102
2024-10-09 17:30:02,109,3128
2024-10-09 17:30:02,109,3240
2024-10-09 17:30:03,109,3255
2024-10-09 17:40:02,105,3146
2024-10-09 17:40:02,105,3257
2024-10-09 17:40:03,105,3262
2024-10-09 17:50:02,106,3163
2024-10-09 17:50:02,106,3259
2024-10-09 17:50:03,106,3274
2024-10-09 18:00:02,108,3151
2024-10-09 18:00:03,108,3258
2024-10-09 18:00:03,108,3263
2024-10-09 18:10:02,105,3160
2024-10-09 18:10:03,105,3258
2024-10-09 18:10:03,105,3262
2024-10-09 18:20:02,104,3149
2024-10-09 18:20:03,104,3256
2024-10-09 18:20:03,104,3262
2024-10-09 18:30:02,107,3151
2024-10-09 18:30:03,107,3257
2024-10-09 18:30:03,107,3261
2024-10-09 18:40:02,107,3148
2024-10-09 18:40:03,107,3243
2024-10-09 18:40:03,107,3258
2024-10-09 18:50:03,108,3162
2024-10-09 18:50:03,108,3247
2024-10-09 18:50:04,108,3246
2024-10-09 19:00:02,106,3149
2024-10-09 19:00:02,106,3246
2024-10-09 19:00:03,106,3257
2024-10-09 19:10:02,106,3146
2024-10-09 19:10:02,106,3244
2024-10-09 19:10:03,106,3257
2024-10-09 19:20:02,105,3128
2024-10-09 19:20:02,105,3255
2024-10-09 19:20:03,105,3239
2024-10-09 19:30:02,104,3133
2024-10-09 19:30:03,104,3239
2024-10-09 19:30:03,104,3244
2024-10-09 19:40:02,107,3130
2024-10-09 19:40:03,107,3230
2024-10-09 19:40:03,107,3242
2024-10-09 19:50:02,104,3129
2024-10-09 19:50:03,104,3226
2024-10-09 19:50:03,104,3230
2024-10-09 20:00:02,104,3117
2024-10-09 20:00:03,104,3214
2024-10-09 20:00:03,104,3227
2024-10-09 20:10:03,105,3088
2024-10-09 20:10:03,105,3208
2024-10-09 20:10:03,105,3214
2024-10-09 20:20:02,106,3102
2024-10-09 20:20:02,106,3208
2024-10-09 20:20:03,106,3212
2024-10-09 20:30:02,104,3099
2024-10-09 20:30:02,104,3199
2024-10-09 20:30:03,104,3210
2024-10-09 20:40:02,103,3086
2024-10-09 20:40:02,103,3195
2024-10-09 20:40:03,103,3207
2024-10-09 20:50:02,107,3088
2024-10-09 20:50:03,107,3194
2024-10-09 20:50:03,107,3198
2024-10-09 21:00:02,103,3085
2024-10-09 21:00:03,103,3193
2024-10-09 21:00:03,103,3194
2024-10-09 21:10:02,104,3085
2024-10-09 21:10:03,104,3182
2024-10-09 21:10:03,104,3184
2024-10-09 21:20:02,103,3083
2024-10-09 21:20:03,103,3180
2024-10-09 21:20:03,103,3197
2024-10-09 21:30:03,103,3072
2024-10-09 21:30:03,103,3180
2024-10-09 21:30:03,103,3182
2024-10-09 21:40:03,101,3071
2024-10-09 21:40:03,101,3177
2024-10-09 21:40:04,101,3183
2024-10-09 21:50:02,104,3072
2024-10-09 21:50:02,104,3175
2024-10-09 21:50:03,104,3177
2024-10-09 22:00:02,107,3067
2024-10-09 22:00:02,107,3162
2024-10-09 22:00:03,107,3164
2024-10-09 22:10:02,106,3065
2024-10-09 22:10:02,106,3166
2024-10-09 22:10:03,106,3175
2024-10-09 22:20:02,106,3067
2024-10-09 22:20:03,106,3163
2024-10-09 22:20:03,106,3178
2024-10-09 22:30:02,103,3067
2024-10-09 22:30:03,103,3162
2024-10-09 22:30:03,103,3168
2024-10-09 22:40:02,102,3064
2024-10-09 22:40:03,102,3149
2024-10-09 22:40:03,102,3168
2024-10-09 22:50:02,105,3064
2024-10-09 22:50:03,105,3163
2024-10-09 22:50:03,105,3180
2024-10-09 23:00:03,101,3053
2024-10-09 23:00:03,101,3165
2024-10-09 23:00:04,101,3163
2024-10-09 23:10:02,104,3054
2024-10-09 23:10:02,104,3162
2024-10-09 23:10:03,104,3167
2024-10-09 23:20:02,104,3055
2024-10-09 23:20:02,104,3163
2024-10-09 23:20:03,104,3167
2024-10-09 23:30:02,109,3052
2024-10-09 23:30:02,109,3160
2024-10-09 23:30:03,109,3164
2024-10-09 23:40:02,103,3055
2024-10-09 23:40:03,103,3161
2024-10-09 23:40:03,103,3165
2024-10-09 23:50:02,102,3053
2024-10-09 23:50:03,102,3161
2024-10-09 23:50:03,102,3179
2024-10-10 00:00:02,104,3047
2024-10-10 00:00:03,104,3161
2024-10-10 00:00:03,104,3165
2024-10-10 00:10:02,103,3054
2024-10-10 00:10:03,103,3146
2024-10-10 00:10:03,103,3164
2024-10-10 00:20:03,103,3065
2024-10-10 00:20:03,103,3163
2024-10-10 00:20:03,103,3174
2024-10-10 00:30:02,103,3039
2024-10-10 00:30:02,103,3161
2024-10-10 00:30:03,103,3164
2024-10-10 00:40:02,103,3054
2024-10-10 00:40:02,103,3162
2024-10-10 00:40:03,103,3165
2024-10-10 00:50:02,102,3047
2024-10-10 00:50:02,102,3160
2024-10-10 00:50:03,102,3165
2024-10-10 01:00:02,99,3048
2024-10-10 01:00:02,99,3164
2024-10-10 01:00:03,99,3151
2024-10-10 01:10:02,104,3064
2024-10-10 01:10:03,104,3165
2024-10-10 01:10:03,104,3176
2024-10-10 01:20:02,102,3051
2024-10-10 01:20:03,102,3151
2024-10-10 01:20:03,102,3164
2024-10-10 01:30:02,103,3052
2024-10-10 01:30:03,103,3159
2024-10-10 01:30:03,103,3163
2024-10-10 01:40:02,105,3051
2024-10-10 01:40:03,105,3159
2024-10-10 01:40:03,105,3162
2024-10-10 01:50:03,104,3052
2024-10-10 01:50:03,104,3159
2024-10-10 01:50:03,104,3164
2024-10-10 02:00:02,108,3048
2024-10-10 02:00:02,108,3150
2024-10-10 02:00:03,108,3162
2024-10-10 02:10:02,101,3050
2024-10-10 02:10:02,101,3151
2024-10-10 02:10:03,101,3163
2024-10-10 02:20:02,106,3048
2024-10-10 02:20:02,106,3149
2024-10-10 02:20:03,106,3161
2024-10-10 02:30:02,104,3047
2024-10-10 02:30:02,104,3158
2024-10-10 02:30:03,104,3143
2024-10-10 02:40:02,106,3048
2024-10-10 02:40:03,106,3147
2024-10-10 02:40:03,106,3161
2024-10-10 02:50:02,103,3048
2024-10-10 02:50:03,103,3136
2024-10-10 02:50:03,103,3159
2024-10-10 03:00:02,104,3019
2024-10-10 03:00:03,104,3143
2024-10-10 03:00:03,104,3162
2024-10-10 03:10:02,104,3051
2024-10-10 03:10:03,104,3150
2024-10-10 03:10:03,104,3165
2024-10-10 03:20:03,103,3052
2024-10-10 03:20:03,103,3159
2024-10-10 03:20:04,103,3166
2024-10-10 03:30:02,104,3054
2024-10-10 03:30:02,104,3149
2024-10-10 03:30:03,104,3163
2024-10-10 03:40:02,106,3049
2024-10-10 03:40:02,106,3151
2024-10-10 03:40:03,106,3161
2024-10-10 03:50:02,104,3051
2024-10-10 03:50:02,104,3152
2024-10-10 03:50:03,104,3165
2024-10-10 04:00:02,107,3049
2024-10-10 04:00:02,107,3150
2024-10-10 04:00:03,107,3164
2024-10-10 04:10:02,103,3051
2024-10-10 04:10:03,103,3159
2024-10-10 04:10:03,103,3164
2024-10-10 04:20:02,102,3050
2024-10-10 04:20:03,102,3161
2024-10-10 04:20:03,102,3167
2024-10-10 04:30:02,105,3055
2024-10-10 04:30:03,105,3160
2024-10-10 04:30:03,105,3165
2024-10-10 04:40:02,102,3055
2024-10-10 04:40:03,102,3163
2024-10-10 04:40:03,102,3177
2024-10-10 04:50:03,106,3054
2024-10-10 04:50:03,106,3165
2024-10-10 04:50:04,106,3178
2024-10-10 05:00:02,102,3053
2024-10-10 05:00:02,102,3128
2024-10-10 05:00:03,102,3176
2024-10-10 05:10:02,102,3063
2024-10-10 05:10:02,102,3163
2024-10-10 05:10:03,102,3179
2024-10-10 05:20:02,106,3065
2024-10-10 05:20:02,106,3177
2024-10-10 05:20:03,106,3182
2024-10-10 05:30:02,103,3063
2024-10-10 05:30:03,103,3167
2024-10-10 05:30:03,103,3182
2024-10-10 05:40:02,107,3067
2024-10-10 05:40:03,107,3176
2024-10-10 05:40:03,107,3191
2024-10-10 05:50:02,102,3069
2024-10-10 05:50:03,102,3180
2024-10-10 05:50:03,102,3167
2024-10-10 06:00:02,107,3071
2024-10-10 06:00:03,107,3181
2024-10-10 06:00:03,107,3197
2024-10-10 06:10:03,106,3069
2024-10-10 06:10:03,106,3179
2024-10-10 06:10:03,106,3197
2024-10-10 06:20:02,104,3072
2024-10-10 06:20:02,104,3191
2024-10-10 06:20:03,104,3191
2024-10-10 06:30:02,107,3081
2024-10-10 06:30:02,107,3192
2024-10-10 06:30:03,107,3200
2024-10-10 06:40:02,109,3085
2024-10-10 06:40:02,109,3195
2024-10-10 06:40:03,109,3211
2024-10-10 06:50:02,105,3088
2024-10-10 06:50:03,105,3211
2024-10-10 06:50:03,105,3211
2024-10-10 07:00:02,108,3088
2024-10-10 07:00:03,108,3199
2024-10-10 07:00:03,108,3214
2024-10-10 07:10:02,106,3096
2024-10-10 07:10:03,106,3195
2024-10-10 07:10:03,106,3226
2024-10-10 07:20:02,107,3101
2024-10-10 07:20:03,107,3213
2024-10-10 07:20:03,107,3227
2024-10-10 07:30:02,107,3101
2024-10-10 07:30:03,107,3213
2024-10-10 07:30:03,107,3228
2024-10-10 07:40:03,105,3112
2024-10-10 07:40:03,105,3223
2024-10-10 07:40:04,105,3239
2024-10-10 07:50:02,107,3112
2024-10-10 07:50:02,107,3214
2024-10-10 07:50:03,107,3230
2024-10-10 08:00:02,108,3102
2024-10-10 08:00:02,108,3225
2024-10-10 08:00:03,108,3242
2024-10-10 08:10:02,108,3111
2024-10-10 08:10:02,108,3225
2024-10-10 08:10:03,108,3240
2024-10-10 08:20:02,108,3115
2024-10-10 08:20:03,108,3226
2024-10-10 08:20:03,108,3242
2024-10-10 08:30:02,106,3115
2024-10-10 08:30:03,106,3226
2024-10-10 08:30:03,106,3247
2024-10-10 08:40:02,108,3117
2024-10-10 08:40:03,108,3229
2024-10-10 08:40:03,108,3245
2024-10-10 08:50:02,105,3118
2024-10-10 08:50:03,105,3231
2024-10-10 08:50:03,105,3245
2024-10-10 09:00:03,107,3120
2024-10-10 09:00:03,107,3254
2024-10-10 09:00:04,107,3294
2024-10-10 09:10:02,109,1951
2024-10-10 09:10:02,109,2008
2024-10-10 09:10:03,109,1997
2024-10-10 09:20:02,109,2285
2024-10-10 09:20:02,109,2348
2024-10-10 09:20:03,109,2346
2024-10-10 09:30:02,109,2269
2024-10-10 09:30:02,109,2318
2024-10-10 09:30:03,109,2314
2024-10-10 09:40:02,108,2250
2024-10-10 09:40:02,108,2299
2024-10-10 09:40:03,108,2284
2024-10-10 09:50:02,106,2316
2024-10-10 09:50:03,106,2364
2024-10-10 09:50:03,106,2332
2024-10-10 10:00:02,111,2330
2024-10-10 10:00:03,111,2392
2024-10-10 10:00:03,111,2376
2024-10-10 10:10:02,109,2347
2024-10-10 10:10:03,109,2398
2024-10-10 10:10:03,109,2381
2024-10-10 10:20:02,105,2360
2024-10-10 10:20:03,105,2395
2024-10-10 10:20:03,105,2391
2024-10-10 10:30:03,106,2348
2024-10-10 10:30:03,106,2414
2024-10-10 10:30:03,106,2399
2024-10-10 10:40:02,110,2360
2024-10-10 10:40:02,110,2407
2024-10-10 10:40:03,110,2395
2024-10-10 10:50:02,106,2352
2024-10-10 10:50:02,106,2406
2024-10-10 10:50:03,106,2399
2024-10-10 11:00:02,106,2352
2024-10-10 11:00:02,106,2412
2024-10-10 11:00:03,106,2395
2024-10-10 11:10:02,106,2358
2024-10-10 11:10:02,106,2412
2024-10-10 11:10:03,106,2396
2024-10-10 11:20:02,108,2348
2024-10-10 11:20:02,108,2396
2024-10-10 11:20:03,108,2398
2024-10-10 11:30:02,107,2349
2024-10-10 11:30:02,107,2408
2024-10-10 11:30:03,107,2394
2024-10-10 11:40:02,107,2332
2024-10-10 11:40:03,107,2363
2024-10-10 11:40:03,107,2392
2024-10-10 11:50:02,110,2348
2024-10-10 11:50:03,110,2408
2024-10-10 11:50:03,110,2391
2024-10-10 12:00:02,105,2349
2024-10-10 12:00:03,105,2409
2024-10-10 12:00:03,105,2395
2024-10-10 12:10:02,105,2349
2024-10-10 12:10:03,105,2397
2024-10-10 12:10:03,105,2383
2024-10-10 12:20:02,107,2343
2024-10-10 12:20:03,107,2412
2024-10-10 12:20:03,107,2396
2024-10-10 12:30:02,104,2359
2024-10-10 12:30:03,104,2407
2024-10-10 12:30:03,104,2391
2024-10-10 12:40:03,107,2350
2024-10-10 12:40:03,107,2399
2024-10-10 12:40:04,107,2395
2024-10-10 12:50:02,102,2346
2024-10-10 12:50:02,102,2408
2024-10-10 12:50:03,102,2394
2024-10-10 13:00:02,105,2347
2024-10-10 13:00:02,105,2397
2024-10-10 13:00:03,105,2391
2024-10-10 13:10:02,106,2345
2024-10-10 13:10:02,106,2395
2024-10-10 13:10:03,106,2384
2024-10-10 13:20:02,105,2345
2024-10-10 13:20:02,105,2400
2024-10-10 13:20:03,105,2394
2024-10-10 13:30:02,106,2331
2024-10-10 13:30:02,106,2394
2024-10-10 13:30:03,106,2365
2024-10-10 13:40:02,106,2346
2024-10-10 13:40:03,106,2399
2024-10-10 13:40:03,106,2393
2024-10-10 13:50:02,107,2327
2024-10-10 13:50:03,107,2410
2024-10-10 13:50:03,107,2382
2024-10-10 14:00:02,108,2334
2024-10-10 14:00:03,108,2395
2024-10-10 14:00:03,108,2391
2024-10-10 14:10:02,105,2334
2024-10-10 14:10:03,105,2394
2024-10-10 14:10:03,105,2378
2024-10-10 14:20:02,110,2343
2024-10-10 14:20:03,110,2430
2024-10-10 14:20:03,110,2380
2024-10-10 14:30:02,108,2332
2024-10-10 14:30:03,108,2393
2024-10-10 14:30:03,108,2379
2024-10-10 14:40:03,106,2283
2024-10-10 14:40:03,106,2383
2024-10-10 14:40:04,106,2362
2024-10-10 14:50:02,107,2331
2024-10-10 14:50:02,107,2394
2024-10-10 14:50:03,107,2379
2024-10-10 15:00:02,108,2318
2024-10-10 15:00:02,108,2378
2024-10-10 15:00:03,108,2365
2024-10-10 15:10:02,104,2318
2024-10-10 15:10:02,104,2379
2024-10-10 15:10:03,104,2364
2024-10-10 15:20:02,109,2314
2024-10-10 15:20:02,109,2375
2024-10-10 15:20:03,109,2363
2024-10-10 15:30:02,107,2314
2024-10-10 15:30:02,107,2365
2024-10-10 15:30:03,107,2360
2024-10-10 15:40:02,107,2303
2024-10-10 15:40:03,107,2363
2024-10-10 15:40:03,107,2349
2024-10-10 15:50:02,105,2301
2024-10-10 15:50:03,105,2359
2024-10-10 15:50:03,105,2347
2024-10-10 16:00:02,109,2299
2024-10-10 16:00:03,109,2349
2024-10-10 16:00:03,109,2344
2024-10-10 16:10:02,109,2299
2024-10-10 16:10:03,109,2346
2024-10-10 16:10:03,109,2345
2024-10-10 16:20:02,109,2266
2024-10-10 16:20:03,109,2336
2024-10-10 16:20:03,109,2343
2024-10-10 16:30:02,108,2269
2024-10-10 16:30:03,108,2330
2024-10-10 16:30:03,108,2318
2024-10-10 16:40:03,107,2266
2024-10-10 16:40:03,107,2330
2024-10-10 16:40:04,107,2302
2024-10-10 16:50:02,105,2253
2024-10-10 16:50:02,105,2302
2024-10-10 16:50:03,105,2283
2024-10-10 17:00:02,109,2250
2024-10-10 17:00:02,109,2271
2024-10-10 17:00:03,109,2221
2024-10-10 17:10:02,108,3146
2024-10-10 17:10:02,108,3243
2024-10-10 17:10:03,108,3240
2024-10-10 17:20:02,107,3119
2024-10-10 17:20:02,107,3212
2024-10-10 17:20:03,107,3208
2024-10-10 17:30:02,108,3209
2024-10-10 17:30:02,108,3288
2024-10-10 17:30:03,108,3325
2024-10-11 11:40:03,108,1838
2024-10-11 11:40:03,108,1884
2024-10-11 11:40:04,108,1884
2024-10-11 12:20:02,103,1928
2024-10-11 12:20:03,103,1968
2024-10-11 12:20:03,103,1960
2024-10-11 12:30:02,100,1930
2024-10-11 12:30:03,100,1976
2024-10-11 12:30:03,100,1975
2024-10-11 12:40:02,103,1927
2024-10-11 12:40:03,103,1978
2024-10-11 12:40:03,103,1962
2024-10-11 12:50:02,101,1917
2024-10-11 12:50:03,101,1966
2024-10-11 12:50:03,101,1964
2024-10-11 13:00:02,104,1914
2024-10-11 13:00:03,104,1963
2024-10-11 13:00:03,104,1960
2024-10-11 13:10:03,103,1912
2024-10-11 13:10:03,103,1960
2024-10-11 13:10:04,103,1958
2024-10-11 13:20:02,102,1902
2024-10-11 13:20:02,102,1949
2024-10-11 13:20:03,102,1947
2024-10-11 13:30:02,100,1903
2024-10-11 13:30:02,100,1951
2024-10-11 13:30:03,100,1950
2024-10-11 13:40:02,100,1900
2024-10-11 13:40:02,100,1946
2024-10-11 13:40:03,100,1961
2024-10-11 13:50:02,103,1900
2024-10-11 13:50:02,103,1944
2024-10-11 13:50:03,103,1946
2024-10-11 14:00:02,101,1899
2024-10-11 14:00:02,101,1945
2024-10-11 14:00:03,101,1944
2024-10-11 14:10:02,102,1896
2024-10-11 14:10:02,102,1943
2024-10-11 14:10:03,102,1946
2024-10-11 14:20:02,102,1896
2024-10-11 14:20:02,102,1943
2024-10-11 14:20:03,102,1935
2024-10-11 14:30:02,103,1895
2024-10-11 14:30:03,103,1935
2024-10-11 14:30:03,103,1935
2024-10-11 14:40:02,101,1887
2024-10-11 14:40:03,101,1934
2024-10-11 14:40:03,101,1932
2024-10-11 14:50:02,105,1884
2024-10-11 14:50:03,105,1934
2024-10-11 14:50:03,105,1933
2024-10-11 15:00:02,105,1883
2024-10-11 15:00:03,105,1931
2024-10-11 15:00:03,105,1931
2024-10-11 15:10:02,102,1882
2024-10-11 15:10:03,102,1930
2024-10-11 15:10:03,102,1928
2024-10-11 15:20:02,104,1879
2024-10-11 15:20:03,104,1927
2024-10-11 15:20:03,104,1919
2024-10-11 15:30:02,100,1920
2024-10-11 15:30:03,100,1918
2024-10-11 15:30:03,100,1897
2024-10-11 15:40:03,98,1867
2024-10-11 15:40:03,98,1951
2024-10-11 15:40:03,98,1899
2024-10-11 15:50:03,102,1866
2024-10-11 15:50:03,102,1911
2024-10-11 15:50:04,102,1903
2024-10-11 16:00:02,101,1862
2024-10-11 16:00:02,101,1902
2024-10-11 16:00:03,101,1901
2024-10-11 16:10:02,103,1854
2024-10-11 16:10:02,103,1902
2024-10-11 16:10:03,103,1895
2024-10-11 16:20:02,102,1849
2024-10-11 16:20:02,102,1896
2024-10-11 16:20:03,102,1898
2024-10-11 16:30:02,105,1839
2024-10-11 16:30:02,105,1887
2024-10-11 16:30:03,105,1886
2024-10-11 16:40:02,100,1834
2024-10-11 16:40:02,100,1882
2024-10-11 16:40:03,100,1880
2024-10-11 16:50:02,103,1834
2024-10-11 16:50:03,103,1882
2024-10-11 16:50:03,103,1880
2024-10-11 17:00:02,103,1824
2024-10-11 17:00:03,103,1870
2024-10-11 17:00:03,103,1870
2024-10-11 17:10:02,103,1816
2024-10-11 17:10:03,103,1866
2024-10-11 17:10:03,103,1870
2024-10-11 17:20:02,99,1816
2024-10-11 17:20:03,99,1864
2024-10-11 17:20:03,99,1854
2024-10-11 17:30:03,101,1817
2024-10-11 17:30:03,101,1863
2024-10-11 17:30:03,101,1854
2024-10-11 17:40:02,100,1806
2024-10-11 17:40:02,100,1848
2024-10-11 17:40:03,100,1839
2024-10-11 17:50:02,100,1804
2024-10-11 17:50:02,100,1850
2024-10-11 17:50:03,100,1863
2024-10-11 18:00:02,101,1800
2024-10-11 18:00:02,101,1838
2024-10-11 18:00:03,101,1836
2024-10-11 18:10:02,102,1791
2024-10-11 18:10:02,102,1838
2024-10-11 18:10:03,102,1836
2024-10-11 18:20:02,98,1789
2024-10-11 18:20:03,98,1836
2024-10-11 18:20:03,98,1833
2024-10-11 18:30:02,101,1786
2024-10-11 18:30:03,101,1835
2024-10-11 18:30:03,101,1832
2024-10-11 18:40:02,101,1787
2024-10-11 18:40:03,101,1833
2024-10-11 18:40:03,101,1823
2024-10-11 18:50:02,103,1784
2024-10-11 18:50:03,103,1806
2024-10-11 18:50:03,103,1818
2024-10-11 19:00:03,99,1775
2024-10-11 19:00:03,99,1785
2024-10-11 19:00:04,99,1755
2024-10-11 19:10:02,100,2847
2024-10-11 19:10:02,100,2927
2024-10-11 19:10:03,100,2924
2024-10-11 19:20:02,102,3005
2024-10-11 19:20:02,102,3103
2024-10-11 19:20:03,102,3111
2024-10-11 19:30:02,103,3086
2024-10-11 19:30:02,103,3182
2024-10-11 19:30:03,103,3181
2024-10-11 19:40:02,102,3117
2024-10-11 19:40:02,102,3223
2024-10-11 19:40:03,102,3225
2024-10-11 19:50:02,103,3133
2024-10-11 19:50:03,103,3232
2024-10-11 19:50:03,103,3241
2024-10-11 20:00:02,102,3147
2024-10-11 20:00:03,102,3243
2024-10-11 20:00:03,102,3247
2024-10-11 20:10:02,106,3148
2024-10-11 20:10:03,106,3247
2024-10-11 20:10:03,106,3247
2024-10-11 20:20:02,101,3149
2024-10-11 20:20:03,101,3256
2024-10-11 20:20:03,101,3241
2024-10-11 20:30:03,102,3149
2024-10-11 20:30:03,102,3256
2024-10-11 20:30:03,102,3256
2024-10-11 20:40:02,100,3162
2024-10-11 20:40:02,100,3224
2024-10-11 20:40:03,100,3257
2024-10-11 20:50:02,101,3162
2024-10-11 20:50:02,101,3257
2024-10-11 20:50:03,101,3258
2024-10-11 21:00:02,102,3163
2024-10-11 21:00:02,102,3259
2024-10-11 21:00:03,102,3258
2024-10-11 21:10:02,102,3164
2024-10-11 21:10:02,102,3259
2024-10-11 21:10:03,102,3260
2024-10-11 21:20:02,102,3164
2024-10-11 21:20:03,102,3259
2024-10-11 21:20:03,102,3261
2024-10-11 21:30:02,100,3162
2024-10-11 21:30:03,100,3258
2024-10-11 21:30:03,100,3259
2024-10-11 21:40:02,102,3160
2024-10-11 21:40:03,102,3256
2024-10-11 21:40:03,102,3258
2024-10-11 21:50:02,101,3160
2024-10-11 21:50:03,101,3256
2024-10-11 21:50:03,101,3256
2024-10-11 22:00:03,100,3150
2024-10-11 22:00:03,100,3256
2024-10-11 22:00:04,100,3255
2024-10-11 22:10:02,103,3147
2024-10-11 22:10:02,103,3244
2024-10-11 22:10:03,103,3229
2024-10-11 22:20:02,97,3145
2024-10-11 22:20:02,97,3242
2024-10-11 22:20:03,97,3244
2024-10-11 22:30:02,101,3135
2024-10-11 22:30:02,101,3232
2024-10-11 22:30:03,101,3240
2024-10-11 22:40:02,100,3133
2024-10-11 22:40:03,100,3229
2024-10-11 22:40:03,100,3239
2024-10-11 22:50:02,100,3132
2024-10-11 22:50:03,100,3231
2024-10-11 22:50:03,100,3238
2024-10-11 23:00:02,97,3132
2024-10-11 23:00:03,97,3212
2024-10-11 23:00:03,97,3239
2024-10-11 23:10:02,101,3133
2024-10-11 23:10:03,101,3230
2024-10-11 23:10:03,101,3231
2024-10-11 23:20:03,102,3134
2024-10-11 23:20:03,102,3230
2024-10-11 23:20:03,102,3240
2024-10-11 23:30:03,100,3133
2024-10-11 23:30:03,100,3229
2024-10-11 23:30:04,100,3232
2024-10-11 23:40:02,104,3132
2024-10-11 23:40:02,104,3230
2024-10-11 23:40:03,104,3231
2024-10-11 23:50:02,103,3131
2024-10-11 23:50:02,103,3228
2024-10-11 23:50:03,103,3232
2024-10-12 00:00:02,100,3131
2024-10-12 00:00:02,100,3211
2024-10-12 00:00:03,100,3215
2024-10-12 00:10:02,100,3130
2024-10-12 00:10:03,100,3224
2024-10-12 00:10:03,100,3230
2024-10-12 00:20:02,99,3130
2024-10-12 00:20:03,99,3228
2024-10-12 00:20:03,99,3230
2024-10-12 00:30:02,100,3130
2024-10-12 00:30:03,100,3228
2024-10-12 00:30:03,100,3229
2024-10-12 00:40:02,100,3128
2024-10-12 00:40:03,100,3228
2024-10-12 00:40:03,100,3230
2024-10-12 00:50:03,98,3130
2024-10-12 00:50:03,98,3226
2024-10-12 00:50:04,98,3230
2024-10-12 01:00:02,100,3131
2024-10-12 01:00:02,100,3228
2024-10-12 01:00:03,100,3230
2024-10-12 01:10:02,98,3128
2024-10-12 01:10:02,98,3228
2024-10-12 01:10:03,98,3230
2024-10-12 01:20:02,101,3129
2024-10-12 01:20:02,101,3227
2024-10-12 01:20:03,101,3229
2024-10-12 01:30:02,104,3127
2024-10-12 01:30:02,104,3226
2024-10-12 01:30:03,104,3228
2024-10-12 01:40:02,102,3128
2024-10-12 01:40:03,102,3227
2024-10-12 01:40:03,102,3229
2024-10-12 01:50:02,99,3128
2024-10-12 01:50:03,99,3227
2024-10-12 01:50:03,99,3230
2024-10-12 02:00:02,97,3128
2024-10-12 02:00:03,97,3227
2024-10-12 02:00:03,97,3229
2024-10-12 02:10:02,97,3127
2024-10-12 02:10:03,97,3240
2024-10-12 02:10:03,97,3229
2024-10-12 02:20:03,100,3110
2024-10-12 02:20:03,100,3228
2024-10-12 02:20:04,100,3229
2024-10-12 02:30:02,103,3119
2024-10-12 02:30:02,103,3224
2024-10-12 02:30:03,103,3228
2024-10-12 02:40:02,98,3120
2024-10-12 02:40:02,98,3227
2024-10-12 02:40:03,98,3229
2024-10-12 02:50:02,104,3128
2024-10-12 02:50:02,104,3229
2024-10-12 02:50:03,104,3240
2024-10-12 03:00:02,102,3129
2024-10-12 03:00:02,102,3230
2024-10-12 03:00:03,102,3239
2024-10-12 03:10:02,99,3130
2024-10-12 03:10:03,99,3241
2024-10-12 03:10:03,99,3239
2024-10-12 03:20:02,99,3116
2024-10-12 03:20:03,99,3246
2024-10-12 03:20:03,99,3243
2024-10-12 03:30:02,100,3128
2024-10-12 03:30:03,100,3229
2024-10-12 03:30:03,100,3239
2024-10-12 03:40:02,101,3129
2024-10-12 03:40:03,101,3228
2024-10-12 03:40:03,101,3240
2024-10-12 03:50:03,102,3128
2024-10-12 03:50:03,102,3228
2024-10-12 03:50:04,102,3231
2024-10-12 04:00:02,96,3132
2024-10-12 04:00:02,96,3224
2024-10-12 04:00:03,96,3239
2024-10-12 04:10:02,99,3129
2024-10-12 04:10:02,99,3229
2024-10-12 04:10:03,99,3240
2024-10-12 04:20:02,101,3128
2024-10-12 04:20:02,101,3227
2024-10-12 04:20:03,101,3239
2024-10-12 04:30:02,102,3128
2024-10-12 04:30:03,102,3229
2024-10-12 04:30:03,102,3241
2024-10-12 04:40:02,101,3131
2024-10-12 04:40:03,101,3241
2024-10-12 04:40:03,101,3231
2024-10-12 04:50:02,99,3130
2024-10-12 04:50:03,99,3230
2024-10-12 04:50:03,99,3247
2024-10-12 05:00:02,101,3128
2024-10-12 05:00:03,101,3229
2024-10-12 05:00:03,101,3240
2024-10-12 05:10:02,99,3128
2024-10-12 05:10:03,99,3228
2024-10-12 05:10:03,99,3244
2024-10-12 05:20:02,102,3130
2024-10-12 05:20:02,102,3239
2024-10-12 05:20:03,102,3244
2024-10-12 05:30:02,100,3129
2024-10-12 05:30:02,100,3238
2024-10-12 05:30:03,100,3245
2024-10-12 05:40:02,101,3130
2024-10-12 05:40:02,101,3239
2024-10-12 05:40:03,101,3244
2024-10-12 05:50:02,101,3118
2024-10-12 05:50:02,101,3227
2024-10-12 05:50:03,101,3241
2024-10-12 06:00:02,102,3132
2024-10-12 06:00:03,102,3241
2024-10-12 06:00:03,102,3256
2024-10-12 06:10:02,100,3133
2024-10-12 06:10:03,100,3243
2024-10-12 06:10:03,100,3256
2024-10-12 06:20:02,101,3119
2024-10-12 06:20:03,101,3246
2024-10-12 06:20:03,101,3241
2024-10-12 06:30:02,104,3135
2024-10-12 06:30:03,104,3245
2024-10-12 06:30:03,104,3241
2024-10-12 06:40:03,102,3143
2024-10-12 06:40:03,102,3247
2024-10-12 06:40:04,102,3259
2024-10-12 06:50:02,104,3134
2024-10-12 06:50:02,104,3244
2024-10-12 06:50:03,104,3259
2024-10-12 07:00:02,98,3136
2024-10-12 07:00:02,98,3246
2024-10-12 07:00:03,98,3294
2024-10-12 07:10:02,103,1897
2024-10-12 07:10:02,103,1933
2024-10-12 07:10:03,103,1926
2024-10-12 07:20:02,99,2173
2024-10-12 07:20:03,99,2231
2024-10-12 07:20:03,99,2200
2024-10-12 07:30:02,98,2183
2024-10-12 07:30:03,98,2232
2024-10-12 07:30:03,98,2222
2024-10-12 07:40:02,100,2142
2024-10-12 07:40:03,100,2190
2024-10-12 07:40:03,100,2174
2024-10-12 07:50:02,97,2200
2024-10-12 07:50:03,97,2251
2024-10-12 07:50:03,97,2235
2024-10-12 08:00:02,100,2247
2024-10-12 08:00:03,100,2297
2024-10-12 08:00:03,100,2282
2024-10-12 08:10:03,99,2252
2024-10-12 08:10:03,99,2302
2024-10-12 08:10:04,99,2287
2024-10-12 08:20:02,100,2254
2024-10-12 08:20:02,100,2311
2024-10-12 08:20:03,100,2296
2024-10-12 08:30:02,97,2267
2024-10-12 08:30:02,97,2317
2024-10-12 08:30:03,97,2302
2024-10-12 08:40:02,96,2264
2024-10-12 08:40:02,96,2314
2024-10-12 08:40:03,96,2300
2024-10-12 08:50:02,97,2255
2024-10-12 08:50:03,97,2312
2024-10-12 08:50:03,97,2297
2024-10-12 09:00:02,100,2250
2024-10-12 09:00:03,100,2300
2024-10-12 09:00:03,100,2285
2024-10-12 09:10:02,97,2249
2024-10-12 09:10:03,97,2299
2024-10-12 09:10:03,97,2282
2024-10-12 09:20:02,97,2240
2024-10-12 09:20:03,97,2297
2024-10-12 09:20:03,97,2283
2024-10-12 09:30:03,96,2238
2024-10-12 09:30:03,96,2288
2024-10-12 09:30:03,96,2281
2024-10-12 09:40:02,97,2235
2024-10-12 09:40:02,97,2284
2024-10-12 09:40:03,97,2270
2024-10-12 09:50:02,95,2235
2024-10-12 09:50:02,95,2285
2024-10-12 09:50:03,95,2270
2024-10-12 10:00:02,98,2233
2024-10-12 10:00:02,98,2282
2024-10-12 10:00:03,98,2269
2024-10-12 10:10:02,99,2223
2024-10-12 10:10:02,99,2281
2024-10-12 10:10:03,99,2267
2024-10-12 10:20:02,97,2221
2024-10-12 10:20:03,97,2280
2024-10-12 10:20:03,97,2264
2024-10-12 10:30:02,101,2220
2024-10-12 10:30:03,101,2271
2024-10-12 10:30:03,101,2266
2024-10-12 10:40:02,99,2222
2024-10-12 10:40:03,99,2271
2024-10-12 10:40:03,99,2267
2024-10-12 10:50:02,96,2216
2024-10-12 10:50:03,96,2268
2024-10-12 10:50:03,96,2255
2024-10-12 11:00:03,97,2223
2024-10-12 11:00:03,97,2268
2024-10-12 11:00:04,97,2256
2024-10-12 11:10:02,100,2208
2024-10-12 11:10:02,100,2266
2024-10-12 11:10:03,100,2254
2024-10-12 11:20:02,102,2215
2024-10-12 11:20:02,102,2265
2024-10-12 11:20:03,102,2254
2024-10-12 11:30:02,100,2207
2024-10-12 11:30:02,100,2265
2024-10-12 11:30:03,100,2253
2024-10-12 11:40:02,94,2205
2024-10-12 11:40:03,94,2255
2024-10-12 11:40:03,94,2253
2024-10-12 11:50:02,101,2203
2024-10-12 11:50:03,101,2252
2024-10-12 11:50:03,101,2236
2024-10-12 12:00:02,101,2202
2024-10-12 12:00:03,101,2251
2024-10-12 12:00:03,101,2249
2024-10-12 12:10:02,101,2200
2024-10-12 12:10:03,101,2251
2024-10-12 12:10:03,101,2249
2024-10-12 12:20:03,97,2199
2024-10-12 12:20:03,97,2263
2024-10-12 12:20:04,97,2238
2024-10-12 12:30:02,99,2191
2024-10-12 12:30:02,99,2249
2024-10-12 12:30:03,99,2248
2024-10-12 12:40:02,97,2189
2024-10-12 12:40:02,97,2254
2024-10-12 12:40:03,97,2238
2024-10-12 12:50:02,100,2188
2024-10-12 12:50:02,100,2238
2024-10-12 12:50:03,100,2235
2024-10-12 13:00:02,101,2186
2024-10-12 13:00:02,101,2237
2024-10-12 13:00:03,101,2247
2024-10-12 13:10:02,102,2185
2024-10-12 13:10:03,102,2237
2024-10-12 13:10:03,102,2236
2024-10-12 13:20:02,100,2187
2024-10-12 13:20:03,100,2238
2024-10-12 13:20:03,100,2239
2024-10-12 13:30:02,104,2183
2024-10-12 13:30:03,104,2233
2024-10-12 13:30:03,104,2248
2024-10-12 13:40:02,103,2168
2024-10-12 13:40:03,103,2220
2024-10-12 13:40:03,103,2220
2024-10-12 13:50:03,100,2156
2024-10-12 13:50:03,100,2216
2024-10-12 13:50:04,100,2220
2024-10-12 14:00:02,100,2152
2024-10-12 14:00:02,100,2218
2024-10-12 14:00:03,100,2207
2024-10-12 14:10:02,104,2154
2024-10-12 14:10:02,104,2203
2024-10-12 14:10:03,104,2205
2024-10-12 14:20:02,98,2141
2024-10-12 14:20:02,98,2201
2024-10-12 14:20:03,98,2201
2024-10-12 14:30:02,101,2150
2024-10-12 14:30:03,101,2200
2024-10-12 14:30:03,101,2203
2024-10-12 14:40:02,102,2137
2024-10-12 14:40:03,102,2189
2024-10-12 14:40:03,102,2199
2024-10-12 14:50:02,100,2134
2024-10-12 14:50:03,100,2188
2024-10-12 14:50:03,100,2186
2024-10-12 15:00:02,104,2123
2024-10-12 15:00:03,104,2175
2024-10-12 15:00:03,104,2183
2024-10-12 15:10:03,102,2119
2024-10-12 15:10:03,102,2184
2024-10-12 15:10:03,102,2187
2024-10-12 15:20:02,99,2109
2024-10-12 15:20:02,99,2166
2024-10-12 15:20:03,99,2168
2024-10-12 15:30:02,99,2107
2024-10-12 15:30:02,99,2168
2024-10-12 15:30:03,99,2168
2024-10-12 15:40:02,101,2094
2024-10-12 15:40:02,101,2152
2024-10-12 15:40:03,101,2153
2024-10-12 15:50:02,102,2089
2024-10-12 15:50:02,102,2141
2024-10-12 15:50:03,102,2144
2024-10-12 16:00:02,105,2079
2024-10-12 16:00:03,105,2137
2024-10-12 16:00:03,105,2137
2024-10-12 16:10:02,101,2064
2024-10-12 16:10:03,101,2125
2024-10-12 16:10:03,101,2126
2024-10-12 16:20:02,105,2064
2024-10-12 16:20:03,105,2109
2024-10-12 16:20:03,105,2120
2024-10-12 16:30:02,99,2058
2024-10-12 16:30:03,99,2110
2024-10-12 16:30:03,99,2110
2024-10-12 16:40:03,102,2043
2024-10-12 16:40:03,102,2105
2024-10-12 16:40:04,102,2106
2024-10-12 16:50:02,104,2040
2024-10-12 16:50:02,104,2086
2024-10-12 16:50:03,104,2092
2024-10-12 17:00:02,99,2029
2024-10-12 17:00:02,99,2078
2024-10-12 17:00:03,99,2079
2024-10-12 17:10:02,100,2023
2024-10-12 17:10:02,100,2064
2024-10-12 17:10:03,100,2075
2024-10-12 17:20:02,98,2010
2024-10-12 17:20:03,98,2061
2024-10-12 17:20:03,98,2061
2024-10-12 17:30:02,97,1998
2024-10-12 17:30:03,97,2058
2024-10-12 17:30:03,97,2057
2024-10-12 17:40:02,103,1992
2024-10-12 17:40:03,103,2040
2024-10-12 17:40:03,103,2042
2024-10-12 17:50:02,99,1981
2024-10-12 17:50:03,99,2031
2024-10-12 17:50:03,99,2040
2024-10-12 18:00:03,100,1977
2024-10-12 18:00:03,100,2025
2024-10-12 18:00:03,100,2027
2024-10-12 18:10:03,103,1962
2024-10-12 18:10:03,103,1978
2024-10-12 18:10:04,103,2014
2024-10-12 18:20:02,102,1949
2024-10-12 18:20:02,102,1998
2024-10-12 18:20:03,102,1999
2024-10-12 18:30:02,101,1944
2024-10-12 18:30:02,101,1992
2024-10-12 18:30:03,101,1993
2024-10-12 18:40:02,103,1932
2024-10-12 18:40:02,103,1981
2024-10-12 18:40:03,103,1982
2024-10-12 18:50:02,100,1927
2024-10-12 18:50:03,100,1975
2024-10-12 18:50:03,100,1976
2024-10-12 19:00:02,99,1915
2024-10-12 19:00:03,99,1962
2024-10-12 19:00:03,99,1918
2024-10-12 19:10:02,101,2889
2024-10-12 19:10:03,101,2987
2024-10-12 19:10:03,101,2940
2024-10-12 19:20:02,103,3020
2024-10-12 19:20:03,103,3128
2024-10-12 19:20:03,103,3131
2024-10-12 19:30:03,97,3101
2024-10-12 19:30:03,97,3210
2024-10-12 19:30:04,97,3222
2024-10-12 19:40:02,104,3145
2024-10-12 19:40:02,104,3228
2024-10-12 19:40:03,104,3242
2024-10-12 19:50:02,98,3151
2024-10-12 19:50:02,98,3258
2024-10-12 19:50:03,98,3272
2024-10-12 20:00:02,97,3162
2024-10-12 20:00:02,97,3272
2024-10-12 20:00:03,97,3274
2024-10-12 20:10:02,103,3164
2024-10-12 20:10:02,103,3272
2024-10-12 20:10:03,103,3278
2024-10-12 20:20:02,100,3164
2024-10-12 20:20:03,100,3272
2024-10-12 20:20:03,100,3277
2024-10-12 20:30:02,103,3163
2024-10-12 20:30:03,103,3271
2024-10-12 20:30:03,103,3274
2024-10-12 20:40:02,103,3164
2024-10-12 20:40:03,103,3261
2024-10-12 20:40:03,103,3274
2024-10-12 20:50:02,103,3162
2024-10-12 20:50:03,103,3261
2024-10-12 20:50:03,103,3273
2024-10-12 21:00:03,102,3160
2024-10-12 21:00:03,102,3259
2024-10-12 21:00:04,102,3264
2024-10-12 21:10:02,99,3150
2024-10-12 21:10:02,99,3241
2024-10-12 21:10:03,99,3264
2024-10-12 21:20:02,101,3151
2024-10-12 21:20:02,101,3257
2024-10-12 21:20:03,101,3260
2024-10-12 21:30:02,102,3147
2024-10-12 21:30:02,102,3261
2024-10-12 21:30:03,102,3271
2024-10-12 21:40:02,101,3146
2024-10-12 21:40:03,101,3245
2024-10-12 21:40:03,101,3256
2024-10-12 21:50:02,100,3145
2024-10-12 21:50:03,100,3244
2024-10-12 21:50:03,100,3246
2024-10-12 22:00:02,103,3144
2024-10-12 22:00:03,103,3242
2024-10-12 22:00:03,103,3246
2024-10-12 22:10:02,99,3133
2024-10-12 22:10:03,99,3241
2024-10-12 22:10:03,99,3245
2024-10-12 22:20:03,98,3133
2024-10-12 22:20:03,98,3239
2024-10-12 22:20:04,98,3241
2024-10-12 22:30:02,100,3129
2024-10-12 22:30:02,100,3228
2024-10-12 22:30:03,100,3239
2024-10-12 22:40:02,101,3128
2024-10-12 22:40:02,101,3226
2024-10-12 22:40:03,101,3231
2024-10-12 22:50:02,103,3118
2024-10-12 22:50:02,103,3224
2024-10-12 22:50:03,103,3229
2024-10-12 23:00:02,104,3118
2024-10-12 23:00:02,104,3224
2024-10-12 23:00:03,104,3228
2024-10-12 23:10:02,105,3116
2024-10-12 23:10:03,105,3223
2024-10-12 23:10:03,105,3227
2024-10-12 23:20:02,99,3099
2024-10-12 23:20:03,99,3228
2024-10-12 23:20:03,99,3212
2024-10-12 23:30:02,101,3117
2024-10-12 23:30:03,101,3224
2024-10-12 23:30:03,101,3227
2024-10-12 23:40:02,98,3115
2024-10-12 23:40:03,98,3215
2024-10-12 23:40:03,98,3225
2024-10-12 23:50:03,101,3116
2024-10-12 23:50:03,101,3215
2024-10-12 23:50:04,101,3227
2024-10-13 00:00:02,99,3115
2024-10-13 00:00:02,99,3214
2024-10-13 00:00:03,99,3227
2024-10-13 00:10:02,101,3115
2024-10-13 00:10:02,101,3224
2024-10-13 00:10:03,101,3226
2024-10-13 00:20:02,97,3115
2024-10-13 00:20:02,97,3214
2024-10-13 00:20:03,97,3225
2024-10-13 00:30:02,103,3119
2024-10-13 00:30:03,103,3215
2024-10-13 00:30:03,103,3228
2024-10-13 00:40:02,100,3114
2024-10-13 00:40:03,100,3226
2024-10-13 00:40:03,100,3224
2024-10-13 00:50:02,99,3114
2024-10-13 00:50:03,99,3213
2024-10-13 00:50:03,99,3225
2024-10-13 01:00:02,99,3113
2024-10-13 01:00:03,99,3215
2024-10-13 01:00:03,99,3226
2024-10-13 01:10:02,104,3113
2024-10-13 01:10:03,104,3213
2024-10-13 01:10:03,104,3225
2024-10-13 01:20:02,101,3112
2024-10-13 01:20:02,101,3213
2024-10-13 01:20:03,101,3225
2024-10-13 01:30:02,103,3114
2024-10-13 01:30:02,103,3213
2024-10-13 01:30:03,103,3225
2024-10-13 01:40:02,98,3113
2024-10-13 01:40:02,98,3213
2024-10-13 01:40:03,98,3224
2024-10-13 01:50:02,104,3098
2024-10-13 01:50:02,104,3195
2024-10-13 01:50:03,104,3231
2024-10-13 02:00:02,102,3103
2024-10-13 02:00:03,102,3211
2024-10-13 02:00:03,102,3224
2024-10-13 02:10:02,104,3120
2024-10-13 02:10:03,104,3215
2024-10-13 02:10:03,104,3226
2024-10-13 02:20:02,102,3112
2024-10-13 02:20:03,102,3210
2024-10-13 02:20:03,102,3225
2024-10-13 02:30:02,101,3113
2024-10-13 02:30:03,101,3212
2024-10-13 02:30:03,101,3224
2024-10-13 02:40:03,101,3112
2024-10-13 02:40:03,101,3211
2024-10-13 02:40:03,101,3225
2024-10-13 02:50:03,102,3112
2024-10-13 02:50:03,102,3210
2024-10-13 02:50:04,102,3223
2024-10-13 03:00:02,100,3100
2024-10-13 03:00:02,100,3210
2024-10-13 03:00:03,100,3215
2024-10-13 03:10:02,102,3103
2024-10-13 03:10:02,102,3212
2024-10-13 03:10:03,102,3224
2024-10-13 03:20:02,104,3110
2024-10-13 03:20:02,104,3210
2024-10-13 03:20:03,104,3225
2024-10-13 03:30:02,99,3111
2024-10-13 03:30:03,99,3213
2024-10-13 03:30:03,99,3225
2024-10-13 03:40:02,104,3100
2024-10-13 03:40:03,104,3213
2024-10-13 03:40:03,104,3213
2024-10-13 03:50:02,99,3113
2024-10-13 03:50:03,99,3213
2024-10-13 03:50:03,99,3229
2024-10-13 04:00:02,104,3114
2024-10-13 04:00:03,104,3214
2024-10-13 04:00:03,104,3227
2024-10-13 04:10:03,104,3113
2024-10-13 04:10:03,104,3213
2024-10-13 04:10:04,104,3231
2024-10-13 04:20:02,103,3112
2024-10-13 04:20:02,103,3213
2024-10-13 04:20:03,103,3227
2024-10-13 04:30:02,102,3114
2024-10-13 04:30:02,102,3215
2024-10-13 04:30:03,102,3229
2024-10-13 04:40:02,101,3118
2024-10-13 04:40:02,101,3213
2024-10-13 04:40:03,101,3229
2024-10-13 04:50:02,104,3119
2024-10-13 04:50:02,104,3226
2024-10-13 04:50:03,104,3213
2024-10-13 05:00:02,103,3115
2024-10-13 05:00:03,103,3223
2024-10-13 05:00:03,103,3230
2024-10-13 05:10:02,100,3115
2024-10-13 05:10:03,100,3225
2024-10-13 05:10:03,100,3230
2024-10-13 05:20:02,104,3115
2024-10-13 05:20:03,104,3224
2024-10-13 05:20:03,104,3239
2024-10-13 05:30:02,104,3114
2024-10-13 05:30:03,104,3223
2024-10-13 05:30:03,104,3239
2024-10-13 05:40:03,103,3115
2024-10-13 05:40:03,103,3225
2024-10-13 05:40:04,103,3238
2024-10-13 05:50:02,105,3119
2024-10-13 05:50:02,105,3216
2024-10-13 05:50:03,105,3230
2024-10-13 06:00:02,103,3116
2024-10-13 06:00:02,103,3226
2024-10-13 06:00:03,103,3240
2024-10-13 06:10:02,100,3115
2024-10-13 06:10:02,100,3224
2024-10-13 06:10:03,100,3240
2024-10-13 06:20:02,102,3116
2024-10-13 06:20:03,102,3224
2024-10-13 06:20:03,102,3196
2024-10-13 06:30:02,102,3115
2024-10-13 06:30:03,102,3226
2024-10-13 06:30:03,102,3242
2024-10-13 06:40:02,102,3127
2024-10-13 06:40:03,102,3226
2024-10-13 06:40:03,102,3242
2024-10-13 06:50:02,101,3115
2024-10-13 06:50:03,101,3226
2024-10-13 06:50:03,101,3241
2024-10-13 07:00:03,102,3130
2024-10-13 07:00:03,102,3274
2024-10-13 07:00:03,102,3292
2024-10-13 07:10:03,101,1850
2024-10-13 07:10:03,101,1886
2024-10-13 07:10:04,101,1885
2024-10-13 07:20:02,102,2107
2024-10-13 07:20:02,102,2171
2024-10-13 07:20:03,102,2174
2024-10-13 07:30:02,102,2153
2024-10-13 07:30:02,102,2204
2024-10-13 07:30:03,102,2205
2024-10-13 07:40:02,100,2108
2024-10-13 07:40:02,100,2153
2024-10-13 07:40:03,100,2150
2024-10-13 07:50:02,105,2174
2024-10-13 07:50:03,105,2222
2024-10-13 07:50:03,105,2222
2024-10-13 08:00:02,105,2239
2024-10-13 08:00:03,105,2295
2024-10-13 08:00:03,105,2297
2024-10-13 08:10:02,102,2248
2024-10-13 08:10:03,102,2316
2024-10-13 08:10:03,102,2303
2024-10-13 08:20:02,104,2252
2024-10-13 08:20:03,104,2313
2024-10-13 08:20:03,104,2313
2024-10-13 08:30:03,100,2263
2024-10-13 08:30:03,100,2318
2024-10-13 08:30:04,100,2319
2024-10-13 08:40:02,103,2267
2024-10-13 08:40:02,103,2319
2024-10-13 08:40:03,103,2329
2024-10-13 08:50:02,102,2264
2024-10-13 08:50:02,102,2317
2024-10-13 08:50:03,102,2311
2024-10-13 09:00:02,100,2238
2024-10-13 09:00:02,100,2313
2024-10-13 09:00:03,100,2349
2024-10-13 09:10:02,102,2248
2024-10-13 09:10:02,102,2311
2024-10-13 09:10:03,102,2286
2024-10-13 09:20:02,101,2248
2024-10-13 09:20:03,101,2298
2024-10-13 09:20:03,101,2300
2024-10-13 09:30:02,104,2233
2024-10-13 09:30:03,104,2283
2024-10-13 09:30:03,104,2286
2024-10-13 09:40:02,102,2233
2024-10-13 09:40:03,102,2285
2024-10-13 09:40:03,102,2283
2024-10-13 09:50:02,99,2221
2024-10-13 09:50:03,99,2280
2024-10-13 09:50:03,99,2279
2024-10-13 10:00:03,103,2219
2024-10-13 10:00:03,103,2271
2024-10-13 10:00:04,103,2270
2024-10-13 10:10:02,99,2216
2024-10-13 10:10:02,99,2267
2024-10-13 10:10:03,99,2266
2024-10-13 10:20:02,105,2203
2024-10-13 10:20:02,105,2255
2024-10-13 10:20:03,105,2264
2024-10-13 10:30:02,103,2204
2024-10-13 10:30:02,103,2255
2024-10-13 10:30:03,103,2254
2024-10-13 10:40:02,104,2190
2024-10-13 10:40:03,104,2250
2024-10-13 10:40:03,104,2253
2024-10-13 10:50:02,101,2190
2024-10-13 10:50:03,101,2248
2024-10-13 10:50:03,101,2250
2024-10-13 11:00:02,103,2188
2024-10-13 11:00:03,103,2231
2024-10-13 11:00:03,103,2239
2024-10-13 11:10:02,99,2184
2024-10-13 11:10:03,99,2236
2024-10-13 11:10:03,99,2236
2024-10-13 11:20:03,104,2175
2024-10-13 11:20:03,104,2234
2024-10-13 11:20:03,104,2233
2024-10-13 11:30:02,107,2171
2024-10-13 11:30:02,107,2231
2024-10-13 11:30:03,107,2223
2024-10-13 11:40:02,99,2170
2024-10-13 11:40:02,99,2220
2024-10-13 11:40:03,99,2221
2024-10-13 11:50:02,102,2167
2024-10-13 11:50:02,102,2218
2024-10-13 11:50:03,102,2220
2024-10-13 12:00:02,103,2157
2024-10-13 12:00:02,103,2215
2024-10-13 12:00:03,103,2216
2024-10-13 12:10:02,99,2151
2024-10-13 12:10:03,99,2205
2024-10-13 12:10:03,99,2206
2024-10-13 12:20:02,100,2152
2024-10-13 12:20:03,100,2204
2024-10-13 12:20:03,100,2204
2024-10-13 12:30:02,104,2141
2024-10-13 12:30:03,104,2201
2024-10-13 12:30:03,104,2202
2024-10-13 12:40:02,103,2151
2024-10-13 12:40:03,103,2186
2024-10-13 12:40:03,103,2203
2024-10-13 12:50:03,98,2139
2024-10-13 12:50:03,98,2189
2024-10-13 12:50:04,98,2199
2024-10-13 13:00:02,103,2136
2024-10-13 13:00:02,103,2184
2024-10-13 13:00:03,103,2187
2024-10-13 13:10:02,103,2124
2024-10-13 13:10:02,103,2175
2024-10-13 13:10:03,103,2185
2024-10-13 13:20:02,101,2137
2024-10-13 13:20:02,101,2157
2024-10-13 13:20:03,101,2184
2024-10-13 13:30:02,102,2120
2024-10-13 13:30:03,102,2172
2024-10-13 13:30:03,102,2173
2024-10-13 13:40:02,102,2110
2024-10-13 13:40:03,102,2169
2024-10-13 13:40:03,102,2169
2024-10-13 13:50:02,104,2107
2024-10-13 13:50:03,104,2159
2024-10-13 13:50:03,104,2167
2024-10-13 14:00:02,101,2104
2024-10-13 14:00:03,101,2170
2024-10-13 14:00:03,101,2169
2024-10-13 14:10:02,101,2104
2024-10-13 14:10:03,101,2156
2024-10-13 14:10:03,101,2157
2024-10-13 14:20:02,100,2093
2024-10-13 14:20:02,100,2151
2024-10-13 14:20:03,100,2152
2024-10-13 14:30:02,103,2089
2024-10-13 14:30:02,103,2141
2024-10-13 14:30:03,103,2151
2024-10-13 14:40:02,99,2079
2024-10-13 14:40:02,99,2137
2024-10-13 14:40:03,99,2139
2024-10-13 14:50:02,104,2076
2024-10-13 14:50:02,104,2123
2024-10-13 14:50:03,104,2124
2024-10-13 15:00:02,100,2072
2024-10-13 15:00:03,100,2123
2024-10-13 15:00:03,100,2127
2024-10-13 15:10:02,101,2063
2024-10-13 15:10:03,101,2076
2024-10-13 15:10:03,101,2121
2024-10-13 15:20:02,101,2060
2024-10-13 15:20:03,101,2111
2024-10-13 15:20:03,101,2118
2024-10-13 15:30:02,102,2054
2024-10-13 15:30:03,102,2105
2024-10-13 15:30:03,102,2108
2024-10-13 15:40:03,101,2045
2024-10-13 15:40:03,101,2095
2024-10-13 15:40:04,101,2095
2024-10-13 15:50:02,100,2023
2024-10-13 15:50:02,100,2080
2024-10-13 15:50:03,100,2079
2024-10-13 16:00:02,98,2027
2024-10-13 16:00:02,98,2088
2024-10-13 16:00:03,98,2080
2024-10-13 16:10:02,96,2023
2024-10-13 16:10:02,96,2072
2024-10-13 16:10:03,96,2074
2024-10-13 16:20:02,100,2013
2024-10-13 16:20:03,100,2064
2024-10-13 16:20:03,100,2064
2024-10-13 16:30:02,102,2006
2024-10-13 16:30:03,102,2059
2024-10-13 16:30:03,102,2059
2024-10-13 16:40:02,99,1994
2024-10-13 16:40:03,99,2045
2024-10-13 16:40:03,99,2046
2024-10-13 16:50:02,99,1982
2024-10-13 16:50:03,99,2031
2024-10-13 16:50:03,99,2039
2024-10-13 17:00:03,98,1978
2024-10-13 17:00:03,98,2027
2024-10-13 17:00:03,98,2028
2024-10-13 17:10:03,95,1961
2024-10-13 17:10:03,95,2010
2024-10-13 17:10:04,95,2015
2024-10-13 17:20:02,100,1944
2024-10-13 17:20:02,100,1998
2024-10-13 17:20:03,100,2008
2024-10-13 17:30:02,99,1945
2024-10-13 17:30:02,99,1994
2024-10-13 17:30:03,99,1995
2024-10-13 17:40:02,99,1934
2024-10-13 17:40:02,99,1981
2024-10-13 17:40:03,99,1991
2024-10-13 17:50:02,101,1928
2024-10-13 17:50:03,101,1976
2024-10-13 17:50:03,101,1979
2024-10-13 18:00:02,96,1912
2024-10-13 18:00:03,96,1962
2024-10-13 18:00:03,96,1963
2024-10-13 18:10:02,95,1902
2024-10-13 18:10:03,95,1950
2024-10-13 18:10:03,95,1950
2024-10-13 18:20:02,101,1887
2024-10-13 18:20:03,101,1934
2024-10-13 18:20:03,101,1935
2024-10-13 18:30:03,99,1881
2024-10-13 18:30:03,99,1929
2024-10-13 18:30:04,99,1930
2024-10-13 18:40:02,99,1868
2024-10-13 18:40:02,99,1917
2024-10-13 18:40:03,99,1917
2024-10-13 18:50:02,98,1855
2024-10-13 18:50:02,98,1911
2024-10-13 18:50:03,98,1904
2024-10-13 19:00:02,100,1850
2024-10-13 19:00:02,100,1850
2024-10-13 19:00:03,100,1835
2024-10-13 19:10:02,103,2730
2024-10-13 19:10:02,103,2814
2024-10-13 19:10:03,103,2816
2024-10-13 19:20:02,102,2876
2024-10-13 19:20:03,102,2986
2024-10-13 19:20:03,102,2985
2024-10-13 19:30:02,104,2975
2024-10-13 19:30:03,104,3072
2024-10-13 19:30:03,104,3084
2024-10-13 19:40:02,100,3020
2024-10-13 19:40:03,100,3119
2024-10-13 19:40:03,100,3132
2024-10-13 19:50:02,103,3047
2024-10-13 19:50:03,103,3146
2024-10-13 19:50:03,103,3151
2024-10-13 20:00:03,102,3055
2024-10-13 20:00:03,102,3161
2024-10-13 20:00:04,102,3175
2024-10-13 20:10:02,101,3065
2024-10-13 20:10:02,101,3162
2024-10-13 20:10:03,101,3176
2024-10-13 20:20:02,99,3067
2024-10-13 20:20:02,99,3176
2024-10-13 20:20:03,99,3180
2024-10-13 20:30:02,98,3070
2024-10-13 20:30:02,98,3176
2024-10-13 20:30:03,98,3179
2024-10-13 20:40:02,99,3071
2024-10-13 20:40:02,99,3175
2024-10-13 20:40:03,99,3180
2024-10-13 20:50:02,98,3072
2024-10-13 20:50:03,98,3177
2024-10-13 20:50:03,98,3211
2024-10-13 21:00:02,100,3079
2024-10-13 21:00:03,100,3176
2024-10-13 21:00:03,100,3181
2024-10-13 21:10:02,101,3083
2024-10-13 21:10:03,101,3178
2024-10-13 21:10:03,101,3183
2024-10-13 21:20:02,101,3071
2024-10-13 21:20:03,101,3176
2024-10-13 21:20:03,101,3179
2024-10-13 21:30:03,102,3070
2024-10-13 21:30:03,102,3175
2024-10-13 21:30:04,102,3180
2024-10-13 21:40:02,100,3068
2024-10-13 21:40:02,100,3164
2024-10-13 21:40:03,100,3176
2024-10-13 21:50:02,101,3083
2024-10-13 21:50:02,101,3177
2024-10-13 21:50:03,101,3181
2024-10-13 22:00:02,102,3066
2024-10-13 22:00:02,102,3160
2024-10-13 22:00:03,102,3179
2024-10-13 22:10:02,103,3063
2024-10-13 22:10:03,103,3162
2024-10-13 22:10:03,103,3167
2024-10-13 22:20:02,101,3056
2024-10-13 22:20:03,101,3160
2024-10-13 22:20:03,101,3163
2024-10-13 22:30:02,98,3052
2024-10-13 22:30:03,98,3151
2024-10-13 22:30:03,98,3162
2024-10-13 22:40:02,100,3051
2024-10-13 22:40:03,100,3149
2024-10-13 22:40:03,100,3160
2024-10-13 22:50:03,100,3050
2024-10-13 22:50:03,100,3150
2024-10-13 22:50:04,100,3160
2024-10-13 23:00:02,100,3051
2024-10-13 23:00:02,100,3149
2024-10-13 23:00:03,100,3160
2024-10-13 23:10:02,98,3063
2024-10-13 23:10:02,98,3145
2024-10-13 23:10:03,98,3131
2024-10-13 23:20:02,97,3048
2024-10-13 23:20:02,97,3146
2024-10-13 23:20:03,97,3158
2024-10-13 23:30:02,102,3034
2024-10-13 23:30:02,102,3134
2024-10-13 23:30:03,102,3146
2024-10-13 23:40:02,99,3049
2024-10-13 23:40:03,99,3145
2024-10-13 23:40:03,99,3150
2024-10-13 23:50:02,99,3048
2024-10-13 23:50:03,99,3147
2024-10-13 23:50:03,99,3159
2024-10-14 00:00:02,100,3048
2024-10-14 00:00:03,100,3148
2024-10-14 00:00:03,100,3159
2024-10-14 00:10:02,96,3049
2024-10-14 00:10:03,96,3145
2024-10-14 00:10:03,96,3150
2024-10-14 00:20:03,102,3054
2024-10-14 00:20:03,102,3150
2024-10-14 00:20:04,102,3166
2024-10-14 00:30:02,98,3048
2024-10-14 00:30:02,98,3146
2024-10-14 00:30:03,98,3151
2024-10-14 00:40:02,101,3049
2024-10-14 00:40:02,101,3149
2024-10-14 00:40:03,101,3161
2024-10-14 00:50:02,95,3048
2024-10-14 00:50:02,95,3148
2024-10-14 00:50:03,95,3159
2024-10-14 01:00:02,101,3017
2024-10-14 01:00:02,101,3149
2024-10-14 01:00:03,101,3161
2024-10-14 01:10:02,102,3049
2024-10-14 01:10:03,102,3144
2024-10-14 01:10:03,102,3160
2024-10-14 01:20:02,99,3048
2024-10-14 01:20:03,99,3146
2024-10-14 01:20:03,99,3151
2024-10-14 01:30:02,100,3049
2024-10-14 01:30:03,100,3146
2024-10-14 01:30:03,100,3159
2024-10-14 01:40:02,102,3038
2024-10-14 01:40:03,102,3144
2024-10-14 01:40:03,102,3152
2024-10-14 01:50:02,99,3049
2024-10-14 01:50:03,99,3129
2024-10-14 01:50:03,99,3150
2024-10-14 02:00:03,98,3039
2024-10-14 02:00:03,98,3144
2024-10-14 02:00:04,98,3150
2024-10-14 02:10:02,100,3039
2024-10-14 02:10:02,100,3145
2024-10-14 02:10:03,100,3149
2024-10-14 02:20:02,99,3038
2024-10-14 02:20:02,99,3144
2024-10-14 02:20:03,99,3148
2024-10-14 02:30:02,100,3038
2024-10-14 02:30:02,100,3146
2024-10-14 02:30:03,100,3151
2024-10-14 02:40:02,97,3037
2024-10-14 02:40:03,97,3144
2024-10-14 02:40:03,97,3148
2024-10-14 02:50:02,101,3039
2024-10-14 02:50:03,101,3143
2024-10-14 02:50:03,101,3150
2024-10-14 03:00:02,98,3038
2024-10-14 03:00:03,98,3151
2024-10-14 03:00:03,98,3150
2024-10-14 03:10:02,98,3037
2024-10-14 03:10:03,98,3144
2024-10-14 03:10:03,98,3148
2024-10-14 03:20:03,99,3033
2024-10-14 03:20:03,99,3150
2024-10-14 03:20:04,99,3160
2024-10-14 03:30:02,97,3038
2024-10-14 03:30:02,97,3146
2024-10-14 03:30:03,97,3133
2024-10-14 03:40:02,99,3046
2024-10-14 03:40:02,99,3147
2024-10-14 03:40:03,99,3160
2024-10-14 03:50:02,100,3050
2024-10-14 03:50:02,100,3150
2024-10-14 03:50:03,100,3162
2024-10-14 04:00:02,100,3050
2024-10-14 04:00:02,100,3150
2024-10-14 04:00:03,100,3164
2024-10-14 04:10:02,99,3051
2024-10-14 04:10:03,99,3151
2024-10-14 04:10:03,99,3165
2024-10-14 04:20:02,105,3052
2024-10-14 04:20:03,105,3150
2024-10-14 04:20:03,105,3165
2024-10-14 04:30:02,100,3054
2024-10-14 04:30:03,100,3160
2024-10-14 04:30:03,100,3166
2024-10-14 04:40:02,97,3054
2024-10-14 04:40:03,97,3162
2024-10-14 04:40:03,97,3176
2024-10-14 04:50:03,100,3066
2024-10-14 04:50:03,100,3165
2024-10-14 04:50:04,100,3178
2024-10-14 05:00:02,101,3063
2024-10-14 05:00:02,101,3165
2024-10-14 05:00:03,101,3175
2024-10-14 05:10:02,100,3064
2024-10-14 05:10:02,100,3165
2024-10-14 05:10:03,100,3179
2024-10-14 05:20:02,99,3065
2024-10-14 05:20:02,99,3167
2024-10-14 05:20:03,99,3181
2024-10-14 05:30:02,98,3065
2024-10-14 05:30:03,98,3167
2024-10-14 05:30:03,98,3181
2024-10-14 05:40:02,100,3067
2024-10-14 05:40:03,100,3166
2024-10-14 05:40:03,100,3180
2024-10-14 05:50:02,101,3067
2024-10-14 05:50:03,101,3177
2024-10-14 05:50:03,101,3191
2024-10-14 06:00:02,99,3066
2024-10-14 06:00:03,99,3166
2024-10-14 06:00:03,99,3191
2024-10-14 06:10:02,98,3067
2024-10-14 06:10:03,98,3177
2024-10-14 06:10:03,98,3182
2024-10-14 06:20:03,101,3067
2024-10-14 06:20:03,101,3177
2024-10-14 06:20:04,101,3191
2024-10-14 06:30:02,98,3068
2024-10-14 06:30:02,98,3176
2024-10-14 06:30:03,98,3192
2024-10-14 06:40:02,98,3070
2024-10-14 06:40:02,98,3180
2024-10-14 06:40:03,98,3195
2024-10-14 06:50:02,97,3071
2024-10-14 06:50:02,97,3179
2024-10-14 06:50:03,97,3194
2024-10-14 07:00:02,98,3071
2024-10-14 07:00:03,98,3207
2024-10-14 07:00:03,98,3241
2024-10-14 07:10:02,98,1723
2024-10-14 07:10:03,98,1755
2024-10-14 07:10:03,98,1754
2024-10-14 07:20:02,98,1996
2024-10-14 07:20:03,98,2043
2024-10-14 07:20:03,98,2046
2024-10-14 07:30:02,97,2064
2024-10-14 07:30:03,97,2110
2024-10-14 07:30:03,97,2123
2024-10-14 07:40:03,98,2012
2024-10-14 07:40:03,98,2064
2024-10-14 07:40:04,98,2041
2024-10-14 07:50:02,97,2077
2024-10-14 07:50:02,97,2127
2024-10-14 07:50:03,97,2125
2024-10-14 08:00:02,99,2139
2024-10-14 08:00:02,99,2189
2024-10-14 08:00:03,99,2191
2024-10-14 08:10:02,96,2160
2024-10-14 08:10:02,96,2215
2024-10-14 08:10:03,96,2217
2024-10-14 08:20:02,100,2172
2024-10-14 08:20:03,100,2221
2024-10-14 08:20:03,100,2218
2024-10-14 08:30:02,98,2185
2024-10-14 08:30:03,98,2235
2024-10-14 08:30:03,98,2235
2024-10-14 08:40:02,98,2188
2024-10-14 08:40:03,98,2235
2024-10-14 08:40:03,98,2237
2024-10-14 08:50:02,97,2174
2024-10-14 08:50:03,97,2234
2024-10-14 08:50:03,97,2234
2024-10-14 09:00:02,97,2172
2024-10-14 09:00:03,97,2232
2024-10-14 09:00:03,97,2224
2024-10-14 09:10:03,101,2171
2024-10-14 09:10:03,101,2230
2024-10-14 09:10:04,101,2221
2024-10-14 09:20:02,101,2156
2024-10-14 09:20:02,101,2207
2024-10-14 09:20:03,101,2216
2024-10-14 09:30:02,97,2154
2024-10-14 09:30:02,97,2200
2024-10-14 09:30:03,97,2186
2024-10-14 09:40:02,95,2139
2024-10-14 09:40:02,95,2189
2024-10-14 09:40:03,95,2191
2024-10-14 09:50:02,97,2139
2024-10-14 09:50:03,97,2189
2024-10-14 09:50:03,97,2186
2024-10-14 10:00:02,98,2143
2024-10-14 10:00:03,98,2187
2024-10-14 10:00:03,98,2171
2024-10-14 10:10:02,95,2125
2024-10-14 10:10:03,95,2183
2024-10-14 10:10:03,95,2182
2024-10-14 10:20:02,96,2124
2024-10-14 10:20:03,96,2172
2024-10-14 10:20:03,96,2172
2024-10-14 10:30:03,97,2120
2024-10-14 10:30:03,97,2170
2024-10-14 10:30:04,97,2171
2024-10-14 10:40:02,98,2105
2024-10-14 10:40:02,98,2204
2024-10-14 10:40:03,98,2158
2024-10-14 10:50:02,93,2094
2024-10-14 10:50:02,93,2152
2024-10-14 10:50:03,93,2151
2024-10-14 11:00:02,99,2090
2024-10-14 11:00:02,99,2141
2024-10-14 11:00:03,99,2141
2024-10-14 11:10:02,95,2087
2024-10-14 11:10:03,95,2138
2024-10-14 11:10:03,95,2137
2024-10-14 11:20:02,100,2077
2024-10-14 11:20:03,100,2124
2024-10-14 11:20:03,100,2135
2024-10-14 11:30:02,95,2074
2024-10-14 11:30:03,95,2125
2024-10-14 11:30:03,95,2124
2024-10-14 11:40:02,96,2062
2024-10-14 11:40:03,96,2111
2024-10-14 11:40:03,96,2121
2024-10-14 11:50:03,96,2060
2024-10-14 11:50:03,96,2111
2024-10-14 11:50:03,96,2111
2024-10-14 12:00:03,99,2059
2024-10-14 12:00:03,99,2107
2024-10-14 12:00:04,99,2109
2024-10-14 12:10:02,96,2039
2024-10-14 12:10:02,96,2105
2024-10-14 12:10:03,96,2106
2024-10-14 12:20:02,97,2045
2024-10-14 12:20:02,97,2093
2024-10-14 12:20:03,97,2103
2024-10-14 12:30:02,97,2042
2024-10-14 12:30:02,97,2103
2024-10-14 12:30:03,97,2091
2024-10-14 12:40:02,97,2032
2024-10-14 12:40:03,97,2087
2024-10-14 12:40:03,97,2087
2024-10-14 12:50:02,97,2028
2024-10-14 12:50:03,97,2077
2024-10-14 12:50:03,97,2088
2024-10-14 13:00:02,100,2026
2024-10-14 13:00:03,100,2077
2024-10-14 13:00:03,100,2078
2024-10-14 13:10:02,96,2024
2024-10-14 13:10:03,96,2073
2024-10-14 13:10:03,96,2076
2024-10-14 13:20:03,96,2014
2024-10-14 13:20:03,96,2062
2024-10-14 13:20:04,96,2072
2024-10-14 13:30:02,96,2010
2024-10-14 13:30:02,96,2063
2024-10-14 13:30:03,96,2062
2024-10-14 13:40:02,95,2009
2024-10-14 13:40:02,95,2059
2024-10-14 13:40:03,95,2046
2024-10-14 13:50:02,101,2009
2024-10-14 13:50:02,101,2048
2024-10-14 13:50:03,101,2057
2024-10-14 14:00:02,96,1998
2024-10-14 14:00:02,96,2045
2024-10-14 14:00:03,96,2045
2024-10-14 14:10:02,94,1992
2024-10-14 14:10:03,94,2041
2024-10-14 14:10:03,94,2043
2024-10-14 14:20:02,97,1993
2024-10-14 14:20:03,97,2043
2024-10-14 14:20:03,97,2041
2024-10-14 14:30:02,98,1990
2024-10-14 14:30:03,98,2040
2024-10-14 14:30:03,98,2039
2024-10-14 14:40:02,95,1980
2024-10-14 14:40:03,95,2028
2024-10-14 14:40:03,95,2030
2024-10-14 14:50:03,94,1978
2024-10-14 14:50:03,94,2027
2024-10-14 14:50:04,94,2028
2024-10-14 15:00:02,97,1976
2024-10-14 15:00:02,97,2015
2024-10-14 15:00:03,97,2024
2024-10-14 15:10:02,95,1963
2024-10-14 15:10:02,95,2008
2024-10-14 15:10:03,95,2011
2024-10-14 15:20:02,97,1949
2024-10-14 15:20:02,97,1998
2024-10-14 15:20:03,97,1998
2024-10-14 15:30:02,100,1947
2024-10-14 15:30:03,100,1993
2024-10-14 15:30:03,100,1996
2024-10-14 15:40:02,97,1932
2024-10-14 15:40:03,97,1981
2024-10-14 15:40:03,97,1981
2024-10-14 15:50:02,99,1930
2024-10-14 15:50:03,99,1978
2024-10-14 15:50:03,99,1977
2024-10-14 16:00:02,97,1915
2024-10-14 16:00:03,97,1964
2024-10-14 16:00:03,97,1967
2024-10-14 16:10:02,97,1903
2024-10-14 16:10:03,97,1945
2024-10-14 16:10:03,97,1952
2024-10-14 16:20:03,97,1901
2024-10-14 16:20:03,97,1947
2024-10-14 16:20:04,97,1963
2024-10-14 16:30:02,99,1895
2024-10-14 16:30:02,99,1934
2024-10-14 16:30:03,99,1943
2024-10-14 16:40:02,98,1870
2024-10-14 16:40:02,98,1930
2024-10-14 16:40:03,98,1929
2024-10-14 16:50:02,98,1868
2024-10-14 16:50:02,98,1916
2024-10-14 16:50:03,98,1913
2024-10-14 17:00:02,99,1855
2024-10-14 17:00:02,99,1912
2024-10-14 17:00:03,99,1902
2024-10-14 17:10:02,98,1848
2024-10-14 17:10:03,98,1901
2024-10-14 17:10:03,98,1898
2024-10-14 17:20:02,97,1835
2024-10-14 17:20:03,97,1896
2024-10-14 17:20:03,97,1868
2024-10-14 17:30:02,99,1834
2024-10-14 17:30:03,99,1881
2024-10-14 17:30:03,99,1880
2024-10-14 17:40:02,96,1824
2024-10-14 17:40:03,96,1870
2024-10-14 17:40:03,96,1879
2024-10-14 17:50:03,97,1816
2024-10-14 17:50:03,97,1865
2024-10-14 17:50:04,97,1865
2024-10-14 18:00:02,96,1806
2024-10-14 18:00:02,96,1851
2024-10-14 18:00:03,96,1850
2024-10-14 18:10:02,94,1800
2024-10-14 18:10:02,94,1837
2024-10-14 18:10:03,94,1837
2024-10-14 18:20:02,98,1785
2024-10-14 18:20:02,98,1831
2024-10-14 18:20:03,98,1822
2024-10-14 18:30:02,97,1770
2024-10-14 18:30:03,97,1816
2024-10-14 18:30:03,97,1816
2024-10-14 18:40:02,99,1758
2024-10-14 18:40:03,99,1815
2024-10-14 18:40:03,99,1804
2024-10-14 18:50:02,99,1758
2024-10-14 18:50:03,99,1790
2024-10-14 18:50:03,99,1800
2024-10-14 19:00:02,100,1741
2024-10-14 19:00:03,100,1774
2024-10-14 19:00:03,100,1736
2024-10-14 19:10:03,98,2589
2024-10-14 19:10:03,98,2671
2024-10-14 19:10:03,98,2681
2024-10-14 19:20:02,101,2765
2024-10-14 19:20:02,101,2858
2024-10-14 19:20:03,101,2863
2024-10-14 19:30:02,101,2890
2024-10-14 19:30:02,101,2984
2024-10-14 19:30:03,101,2992
2024-10-14 19:40:02,104,2940
2024-10-14 19:40:02,104,3021
2024-10-14 19:40:03,104,3047
2024-10-14 19:50:02,102,2971
2024-10-14 19:50:02,102,3049
2024-10-14 19:50:03,102,3072
2024-10-14 20:00:02,99,2988
2024-10-14 20:00:03,99,3087
2024-10-14 20:00:03,99,3098
2024-10-14 20:10:02,101,3004
2024-10-14 20:10:03,101,3100
2024-10-14 20:10:03,101,3113
2024-10-14 20:20:02,101,3017
2024-10-14 20:20:03,101,3113
2024-10-14 20:20:03,101,3119
2024-10-14 20:30:03,101,3018
2024-10-14 20:30:03,101,3116
2024-10-14 20:30:03,101,3127
2024-10-14 20:40:03,102,3021
2024-10-14 20:40:03,102,3118
2024-10-14 20:40:04,102,3128
2024-10-14 20:50:02,102,3022
2024-10-14 20:50:02,102,3118
2024-10-14 20:50:03,102,3128
2024-10-14 21:00:02,104,3022
2024-10-14 21:00:02,104,3119
2024-10-14 21:00:03,104,3128
2024-10-14 21:10:02,101,3022
2024-10-14 21:10:02,101,3117
2024-10-14 21:10:03,101,3126
2024-10-14 21:20:02,97,3032
2024-10-14 21:20:03,97,3129
2024-10-14 21:20:03,97,3112
2024-10-14 21:30:02,107,3021
2024-10-14 21:30:03,107,3115
2024-10-14 21:30:03,107,3126
2024-10-14 21:40:02,104,3018
2024-10-14 21:40:03,104,3115
2024-10-14 21:40:03,104,3119
2024-10-14 21:50:02,104,3019
2024-10-14 21:50:03,104,3117
2024-10-14 21:50:03,104,3119
2024-10-14 22:00:03,101,3017
2024-10-14 22:00:03,101,3113
2024-10-14 22:00:03,101,3117
2024-10-14 22:10:02,100,3005
2024-10-14 22:10:02,100,3112
2024-10-14 22:10:03,100,3118
2024-10-14 22:20:02,103,3016
2024-10-14 22:20:02,103,3111
2024-10-14 22:20:03,103,3116
2024-10-14 22:30:02,101,3006
2024-10-14 22:30:02,101,3113
2024-10-14 22:30:03,101,3112
2024-10-14 22:40:02,104,3005
2024-10-14 22:40:02,104,3099
2024-10-14 22:40:03,104,3112
2024-10-14 22:50:02,103,3017
2024-10-14 22:50:03,103,3111
2024-10-14 22:50:03,103,3118
2024-10-14 23:00:02,104,3004
2024-10-14 23:00:03,104,3112
2024-10-14 23:00:03,104,3112
2024-10-14 23:10:02,101,3004
2024-10-14 23:10:03,101,3102
2024-10-14 23:10:03,101,3103
2024-10-14 23:20:02,103,3006
2024-10-14 23:20:03,103,3101
2024-10-14 23:20:03,103,3112
2024-10-14 23:30:03,104,3006
2024-10-14 23:30:03,104,3102
2024-10-14 23:30:03,104,3112
2024-10-14 23:40:02,101,3004
2024-10-14 23:40:02,101,3101
2024-10-14 23:40:03,101,3113
2024-10-14 23:50:02,102,3006
2024-10-14 23:50:02,102,3102
2024-10-14 23:50:03,102,3114
2024-10-15 00:00:02,103,3008
2024-10-15 00:00:02,103,3113
2024-10-15 00:00:03,103,3114
2024-10-15 00:10:02,101,3006
2024-10-15 00:10:02,101,3111
2024-10-15 00:10:03,101,3114
2024-10-15 00:20:02,106,3006
2024-10-15 00:20:03,106,3112
2024-10-15 00:20:03,106,3115
2024-10-15 00:30:02,101,3008
2024-10-15 00:30:03,101,3112
2024-10-15 00:30:03,101,3115
2024-10-15 00:40:02,101,3014
2024-10-15 00:40:03,101,3113
2024-10-15 00:40:03,101,3113
2024-10-15 00:50:02,103,3016
2024-10-15 00:50:03,103,3112
2024-10-15 00:50:03,103,3115
2024-10-15 01:00:03,101,3014
2024-10-15 01:00:03,101,3112
2024-10-15 01:00:04,101,3115
2024-10-15 01:10:02,98,3005
2024-10-15 01:10:02,98,3103
2024-10-15 01:10:03,98,3116
2024-10-15 01:20:02,98,3004
2024-10-15 01:20:02,98,3102
2024-10-15 01:20:03,98,3114
2024-10-15 01:30:02,102,3002
2024-10-15 01:30:02,102,3112
2024-10-15 01:30:03,102,3112
2024-10-15 01:40:02,101,3002
2024-10-15 01:40:03,101,3099
2024-10-15 01:40:03,101,3104
2024-10-15 01:50:02,101,2987
2024-10-15 01:50:03,101,3084
2024-10-15 01:50:03,101,3098
2024-10-15 02:00:02,102,3003
2024-10-15 02:00:03,102,3097
2024-10-15 02:00:03,102,3103
2024-10-15 02:10:02,102,3002
2024-10-15 02:10:03,102,3082
2024-10-15 02:10:03,102,3100
2024-10-15 02:20:02,100,3000
2024-10-15 02:20:03,100,3098
2024-10-15 02:20:03,100,3102
2024-10-15 02:30:03,103,3005
2024-10-15 02:30:03,103,3097
2024-10-15 02:30:04,103,3101
2024-10-15 02:40:02,105,3000
2024-10-15 02:40:02,105,3098
2024-10-15 02:40:03,105,3102
2024-10-15 02:50:02,102,3000
2024-10-15 02:50:02,102,3099
2024-10-15 02:50:03,102,3111
2024-10-15 03:00:02,104,3001
2024-10-15 03:00:02,104,3098
2024-10-15 03:00:03,104,3103
2024-10-15 03:10:02,105,3002
2024-10-15 03:10:03,105,3099
2024-10-15 03:10:03,105,3161
2024-10-15 03:20:02,103,3002
2024-10-15 03:20:03,103,3102
2024-10-15 03:20:03,103,3128
2024-10-15 03:30:02,101,3004
2024-10-15 03:30:03,101,3088
2024-10-15 03:30:03,101,3114
2024-10-15 03:40:02,101,3004
2024-10-15 03:40:03,101,3115
2024-10-15 03:40:03,101,3114
2024-10-15 03:50:02,103,3007
2024-10-15 03:50:03,103,3111
2024-10-15 03:50:03,103,3117
2024-10-15 04:00:03,102,3016
2024-10-15 04:00:03,102,3114
2024-10-15 04:00:04,102,3119
2024-10-15 04:10:02,102,3018
2024-10-15 04:10:02,102,3116
2024-10-15 04:10:03,102,3118
2024-10-15 04:20:02,103,3023
2024-10-15 04:20:02,103,3117
2024-10-15 04:20:03,103,3132
2024-10-15 04:30:02,104,3018
2024-10-15 04:30:02,104,3119
2024-10-15 04:30:03,104,3130
2024-10-15 04:40:02,103,3018
2024-10-15 04:40:03,103,3128
2024-10-15 04:40:03,103,3128
2024-10-15 04:50:02,99,3022
2024-10-15 04:50:03,99,3128
2024-10-15 04:50:03,99,3133
2024-10-15 05:00:02,106,3022
2024-10-15 05:00:03,106,3119
2024-10-15 05:00:03,106,3135
2024-10-15 05:10:02,105,3031
2024-10-15 05:10:03,105,3134
2024-10-15 05:10:03,105,3130
2024-10-15 05:20:03,101,3038
2024-10-15 05:20:03,101,3134
2024-10-15 05:20:04,101,3150
2024-10-15 05:30:02,104,3032
2024-10-15 05:30:02,104,3129
2024-10-15 05:30:03,104,3143
2024-10-15 05:40:02,103,3034
2024-10-15 05:40:02,103,3132
2024-10-15 05:40:03,103,3162
2024-10-15 05:50:02,101,3014
2024-10-15 05:50:02,101,3129
2024-10-15 05:50:03,101,3147
2024-10-15 06:00:02,100,3032
2024-10-15 06:00:02,100,3135
2024-10-15 06:00:03,100,3147
2024-10-15 06:10:02,104,3033
2024-10-15 06:10:03,104,3133
2024-10-15 06:10:03,104,3147
2024-10-15 06:20:02,103,3034
2024-10-15 06:20:03,103,3135
2024-10-15 06:20:03,103,3150
2024-10-15 06:30:02,101,3033
2024-10-15 06:30:03,101,3135
2024-10-15 06:30:03,101,3149
2024-10-15 06:40:03,102,3033
2024-10-15 06:40:03,102,3135
2024-10-15 06:40:03,102,3148
2024-10-15 06:50:02,104,3036
2024-10-15 06:50:02,104,3132
2024-10-15 06:50:03,104,3150
2024-10-15 07:00:02,103,3039
2024-10-15 07:00:02,103,3151
2024-10-15 07:00:03,103,3196
2024-10-15 07:10:02,103,1644
2024-10-15 07:10:02,103,1704
2024-10-15 07:10:03,103,1664
2024-10-15 07:20:02,96,1931
2024-10-15 07:20:02,96,1977
2024-10-15 07:20:03,96,1976
2024-10-15 07:30:02,102,1958
2024-10-15 07:30:03,102,2014
2024-10-15 07:30:03,102,2009
2024-10-15 07:40:02,102,1948
2024-10-15 07:40:03,102,1993
2024-10-15 07:40:03,102,1984
2024-10-15 07:50:02,102,2014
2024-10-15 07:50:03,102,2063
2024-10-15 07:50:03,102,2059
2024-10-15 08:00:02,99,2092
2024-10-15 08:00:03,99,2139
2024-10-15 08:00:03,99,2136
2024-10-15 08:10:03,104,2109
2024-10-15 08:10:03,104,2158
2024-10-15 08:10:03,104,2158
2024-10-15 08:20:02,100,2122
2024-10-15 08:20:02,100,2170
2024-10-15 08:20:03,100,2170
2024-10-15 08:30:02,104,2138
2024-10-15 08:30:02,104,2186
2024-10-15 08:30:03,104,2184
2024-10-15 08:40:02,106,2141
2024-10-15 08:40:02,106,2189
2024-10-15 08:40:03,106,2190
2024-10-15 08:50:02,98,2140
2024-10-15 08:50:02,98,2188
2024-10-15 08:50:03,98,2186
2024-10-15 09:00:02,103,2136
2024-10-15 09:00:03,103,2185
2024-10-15 09:00:03,103,2183
2024-10-15 09:10:02,102,2126
2024-10-15 09:10:03,102,2173
2024-10-15 09:10:03,102,2185
2024-10-15 09:20:02,101,2121
2024-10-15 09:20:03,101,2171
2024-10-15 09:20:03,101,2167
2024-10-15 09:30:02,105,2109
2024-10-15 09:30:03,105,2156
2024-10-15 09:30:03,105,2155
2024-10-15 09:40:03,104,2105
2024-10-15 09:40:03,104,2153
2024-10-15 09:40:04,104,2143
2024-10-15 09:50:02,104,2093
2024-10-15 09:50:02,104,2140
2024-10-15 09:50:03,104,2137
2024-10-15 10:00:02,105,2089
2024-10-15 10:00:02,105,2140
2024-10-15 10:00:03,105,2138
2024-10-15 10:10:02,104,2119
2024-10-15 10:10:02,104,2124
2024-10-15 10:10:03,104,2121
2024-10-15 10:20:02,102,2073
2024-10-15 10:20:03,102,2120
2024-10-15 10:20:03,102,2119
2024-10-15 10:30:02,105,2063
2024-10-15 10:30:03,105,2111
2024-10-15 10:30:03,105,2110
2024-10-15 10:40:02,103,2047
2024-10-15 10:40:03,103,2105
2024-10-15 10:40:03,103,2103
2024-10-15 10:50:02,103,2042
2024-10-15 10:50:03,103,2093
2024-10-15 10:50:03,103,2093
2024-10-15 11:00:02,100,2030
2024-10-15 11:00:03,100,2088
2024-10-15 11:00:03,100,2074
2024-10-15 11:10:03,102,2029
2024-10-15 11:10:03,102,2075
2024-10-15 11:10:04,102,2076
2024-10-15 11:20:02,102,2025
2024-10-15 11:20:02,102,2063
2024-10-15 11:20:03,102,2064
2024-10-15 11:30:02,101,2010
2024-10-15 11:30:02,101,2059
2024-10-15 11:30:03,101,2058
2024-10-15 11:40:02,102,2008
2024-10-15 11:40:02,102,2046
2024-10-15 11:40:03,102,2048
2024-10-15 11:50:02,101,1994
2024-10-15 11:50:03,101,2043
2024-10-15 11:50:03,101,2042
2024-10-15 12:00:02,104,1994
2024-10-15 12:00:03,104,2031
2024-10-15 12:00:03,104,2031
2024-10-15 12:10:02,100,1979
2024-10-15 12:10:03,100,2027
2024-10-15 12:10:03,100,2025
2024-10-15 12:20:02,101,1979
2024-10-15 12:20:03,101,2027
2024-10-15 12:20:03,101,2027
2024-10-15 12:30:03,103,1976
2024-10-15 12:30:03,103,2023
2024-10-15 12:30:03,103,2024
2024-10-15 12:40:02,101,1966
2024-10-15 12:40:02,101,2012
2024-10-15 12:40:03,101,2013
2024-10-15 12:50:02,99,1945
2024-10-15 12:50:02,99,2008
2024-10-15 12:50:03,99,2016
2024-10-15 13:00:02,103,1960
2024-10-15 13:00:02,103,2007
2024-10-15 13:00:03,103,2008
2024-10-15 13:10:02,102,1948
2024-10-15 13:10:02,102,1992
2024-10-15 13:10:03,102,1994
2024-10-15 13:20:02,103,1946
2024-10-15 13:20:03,103,1996
2024-10-15 13:20:03,103,1994
2024-10-15 13:30:02,102,1935
2024-10-15 13:30:03,102,1980
2024-10-15 13:30:03,102,1980
2024-10-15 13:40:02,104,1933
2024-10-15 13:40:03,104,1978
2024-10-15 13:40:03,104,1979
2024-10-15 13:50:02,102,1919
2024-10-15 13:50:03,102,1977
2024-10-15 13:50:03,102,1976
2024-10-15 14:00:03,104,1918
2024-10-15 14:00:03,104,1965
2024-10-15 14:00:04,104,1966
2024-10-15 14:10:02,104,1915
2024-10-15 14:10:02,104,1951
2024-10-15 14:10:03,104,1964
2024-10-15 14:20:02,106,1917
2024-10-15 14:20:02,106,1962
2024-10-15 14:20:03,106,1962
2024-10-15 14:30:02,101,1903
2024-10-15 14:30:02,101,1950
2024-10-15 14:30:03,101,1958
2024-10-15 14:40:02,103,1900
2024-10-15 14:40:03,103,1903
2024-10-15 14:40:03,103,1948
2024-10-15 14:50:02,103,1902
2024-10-15 14:50:03,103,1949
2024-10-15 14:50:03,103,1950
2024-10-15 15:00:02,101,1886
2024-10-15 15:00:03,101,1934
2024-10-15 15:00:03,101,1933
2024-10-15 15:10:02,101,1884
2024-10-15 15:10:03,101,1930
2024-10-15 15:10:03,101,1930
2024-10-15 15:20:03,103,1880
2024-10-15 15:20:03,103,1917
2024-10-15 15:20:03,103,1918
2024-10-15 15:30:03,103,1868
2024-10-15 15:30:03,103,1914
2024-10-15 15:30:04,103,1917
2024-10-15 15:40:02,104,1856
2024-10-15 15:40:02,104,1902
2024-10-15 15:40:03,104,1911
2024-10-15 15:50:02,100,1851
2024-10-15 15:50:02,100,1897
2024-10-15 15:50:03,100,1898
2024-10-15 16:00:02,102,1831
2024-10-15 16:00:02,102,1886
2024-10-15 16:00:03,102,1863
2024-10-15 16:10:02,101,1835
2024-10-15 16:10:03,101,1879
2024-10-15 16:10:03,101,1881
2024-10-15 16:20:02,98,1822
2024-10-15 16:20:03,98,1871
2024-10-15 16:20:03,98,1863
2024-10-15 16:30:02,102,1818
2024-10-15 16:30:03,102,1863
2024-10-15 16:30:03,102,1865
2024-10-15 16:40:02,103,1802
2024-10-15 16:40:03,103,1848
2024-10-15 16:40:03,103,1850
2024-10-15 16:50:02,99,1800
2024-10-15 16:50:03,99,1837
2024-10-15 16:50:03,99,1837
2024-10-15 17:00:03,102,1785
2024-10-15 17:00:03,102,1823
2024-10-15 17:00:04,102,1819
2024-10-15 17:10:02,105,1770
2024-10-15 17:10:02,105,1799
2024-10-15 17:10:03,105,1816
2024-10-15 17:20:02,102,1758
2024-10-15 17:20:02,102,1802
2024-10-15 17:20:03,102,1806
2024-10-15 17:30:02,103,1753
2024-10-15 17:30:02,103,1791
2024-10-15 17:30:03,103,1791
2024-10-15 17:40:02,103,1742
2024-10-15 17:40:03,103,1786
2024-10-15 17:40:03,103,1785
2024-10-15 17:50:02,106,1737
2024-10-15 17:50:03,106,1790
2024-10-15 17:50:03,106,1774
2024-10-15 18:00:02,104,1738
2024-10-15 18:00:03,104,1752
2024-10-15 18:00:03,104,1769
2024-10-15 18:10:02,104,1709
2024-10-15 18:10:03,104,1739
2024-10-15 18:10:03,104,1767
2024-10-15 18:20:03,102,1710
2024-10-15 18:20:03,102,1754
2024-10-15 18:20:04,102,1741
2024-10-15 18:30:02,99,1692
2024-10-15 18:30:02,99,1737
2024-10-15 18:30:03,99,1737
2024-10-15 18:40:02,103,1673
2024-10-15 18:40:02,103,1724
2024-10-15 18:40:03,103,1738
2024-10-15 18:50:02,102,1675
2024-10-15 18:50:02,102,1711
2024-10-15 18:50:03,102,1710
2024-10-15 19:00:02,104,1670
2024-10-15 19:00:03,104,1708
2024-10-15 19:00:03,104,1675
2024-10-15 19:10:02,104,2540
2024-10-15 19:10:03,104,2572
2024-10-15 19:10:03,104,2542
2024-10-15 19:20:02,103,2694
2024-10-15 19:20:03,103,2780
2024-10-15 19:20:03,103,2791
2024-10-15 19:30:02,105,2827
2024-10-15 19:30:03,105,2921
2024-10-15 19:30:03,105,2926
2024-10-15 19:40:02,97,2889
2024-10-15 19:40:03,97,2984
2024-10-15 19:40:03,97,2987
2024-10-15 19:50:03,104,2921
2024-10-15 19:50:03,104,3016
2024-10-15 19:50:04,104,3020
2024-10-15 20:00:02,103,2943
2024-10-15 20:00:02,103,3036
2024-10-15 20:00:03,103,3048
2024-10-15 20:10:02,103,2960
2024-10-15 20:10:02,103,3053
2024-10-15 20:10:03,103,3052
2024-10-15 20:20:02,101,2971
2024-10-15 20:20:02,101,3065
2024-10-15 20:20:03,101,3070
2024-10-15 20:30:02,103,2975
2024-10-15 20:30:03,103,3072
2024-10-15 20:30:03,103,3071
2024-10-15 20:40:02,100,2984
2024-10-15 20:40:03,100,3064
2024-10-15 20:40:03,100,3082
2024-10-15 20:50:02,100,2986
2024-10-15 20:50:03,100,3072
2024-10-15 20:50:03,100,3082
2024-10-15 21:00:02,100,2986
2024-10-15 21:00:03,100,3071
2024-10-15 21:00:03,100,3083
2024-10-15 21:10:03,103,2986
2024-10-15 21:10:03,103,3063
2024-10-15 21:10:03,103,3082
2024-10-15 21:20:02,100,2984
2024-10-15 21:20:02,100,3063
2024-10-15 21:20:03,100,3070
2024-10-15 21:30:02,102,2986
2024-10-15 21:30:02,102,3070
2024-10-15 21:30:03,102,3081
2024-10-15 21:40:02,100,2984
2024-10-15 21:40:02,100,3063
2024-10-15 21:40:03,100,3072
2024-10-15 21:50:02,102,2983
2024-10-15 21:50:02,102,3068
2024-10-15 21:50:03,102,3072
2024-10-15 22:00:02,106,2974
2024-10-15 22:00:03,106,3064
2024-10-15 22:00:03,106,3067
2024-10-15 22:10:02,104,2971
2024-10-15 22:10:03,104,3064
2024-10-15 22:10:03,104,3067
2024-10-15 22:20:02,99,2971
2024-10-15 22:20:03,99,3064
2024-10-15 22:20:03,99,3067
2024-10-15 22:30:02,102,2968
2024-10-15 22:30:03,102,3054
2024-10-15 22:30:03,102,3064
2024-10-15 22:40:03,101,2968
2024-10-15 22:40:03,101,3054
2024-10-15 22:40:03,101,3052
2024-10-15 22:50:02,101,2958
2024-10-15 22:50:02,101,3052
2024-10-15 22:50:03,101,3054
2024-10-15 23:00:02,99,2958
2024-10-15 23:00:02,99,3052
2024-10-15 23:00:03,99,3055
2024-10-15 23:10:02,103,2957
2024-10-15 23:10:02,103,3039
2024-10-15 23:10:03,103,3055
2024-10-15 23:20:02,106,2967
2024-10-15 23:20:02,106,3055
2024-10-15 23:20:03,106,3064
2024-10-15 23:30:02,102,2960
2024-10-15 23:30:03,102,3053
2024-10-15 23:30:03,102,3065
2024-10-15 23:40:02,101,2967
2024-10-15 23:40:03,101,3052
2024-10-15 23:40:03,101,3064
2024-10-15 23:50:02,102,2973
2024-10-15 23:50:03,102,3063
2024-10-15 23:50:03,102,3065
2024-10-16 00:00:02,102,2969
2024-10-16 00:00:03,102,3064
2024-10-16 00:00:03,102,3066
2024-10-16 00:10:03,103,2969
2024-10-16 00:10:03,103,3062
2024-10-16 00:10:04,103,3065
2024-10-16 00:20:02,101,2968
2024-10-16 00:20:02,101,3065
2024-10-16 00:20:03,101,3081
2024-10-16 00:30:02,104,2973
2024-10-16 00:30:02,104,3065
2024-10-16 00:30:03,104,3072
2024-10-16 00:40:02,101,2971
2024-10-16 00:40:02,101,3064
2024-10-16 00:40:03,101,3068
2024-10-16 00:50:02,103,2970
2024-10-16 00:50:02,103,3066
2024-10-16 00:50:03,103,3069
2024-10-16 01:00:02,100,2971
2024-10-16 01:00:03,100,3065
2024-10-16 01:00:03,100,3069
2024-10-16 01:10:02,103,2968
2024-10-16 01:10:03,103,3051
2024-10-16 01:10:03,103,3066
2024-10-16 01:20:02,105,2971
2024-10-16 01:20:03,105,3048
2024-10-16 01:20:03,105,3054
2024-10-16 01:30:02,105,2972
2024-10-16 01:30:03,105,3064
2024-10-16 01:30:03,105,3066
2024-10-16 01:40:03,102,2970
2024-10-16 01:40:03,102,3064
2024-10-16 01:40:04,102,3067
2024-10-16 01:50:02,101,2968
2024-10-16 01:50:02,101,3054
2024-10-16 01:50:03,101,3064
2024-10-16 02:00:02,104,2959
2024-10-16 02:00:02,104,3053
2024-10-16 02:00:03,104,3065
2024-10-16 02:10:02,100,2967
2024-10-16 02:10:02,100,3053
2024-10-16 02:10:03,100,3065
2024-10-16 02:20:02,99,2959
2024-10-16 02:20:03,99,3039
2024-10-16 02:20:03,99,3052
2024-10-16 02:30:02,104,2959
2024-10-16 02:30:03,104,3054
2024-10-16 02:30:03,104,3065
2024-10-16 02:40:02,103,2958
2024-10-16 02:40:03,103,3052
2024-10-16 02:40:03,103,3064
2024-10-16 02:50:02,99,2954
2024-10-16 02:50:03,99,3068
2024-10-16 02:50:03,99,3068
2024-10-16 03:00:02,101,2969
2024-10-16 03:00:03,101,3048
2024-10-16 03:00:03,101,3053
2024-10-16 03:10:03,105,2967
2024-10-16 03:10:03,105,3063
2024-10-16 03:10:04,105,3067
2024-10-16 03:20:02,98,2968
2024-10-16 03:20:02,98,3063
2024-10-16 03:20:03,98,3066
2024-10-16 03:30:02,100,2969
2024-10-16 03:30:02,100,3065
2024-10-16 03:30:03,100,3071
2024-10-16 03:40:02,101,2969
2024-10-16 03:40:02,101,3065
2024-10-16 03:40:03,101,3070
2024-10-16 03:50:02,100,2973
2024-10-16 03:50:03,100,3067
2024-10-16 03:50:03,100,3072
2024-10-16 04:00:02,100,2973
2024-10-16 04:00:03,100,3069
2024-10-16 04:00:03,100,3081
2024-10-16 04:10:02,101,2983
2024-10-16 04:10:03,101,3072
2024-10-16 04:10:03,101,3082
2024-10-16 04:20:02,101,2985
2024-10-16 04:20:03,101,3072
2024-10-16 04:20:03,101,3088
2024-10-16 04:30:03,103,2988
2024-10-16 04:30:03,103,3086
2024-10-16 04:30:03,103,3098
2024-10-16 04:40:03,99,2992
2024-10-16 04:40:03,99,3145
2024-10-16 04:40:04,99,3066
2024-10-16 04:50:02,103,3000
2024-10-16 04:50:02,103,3087
2024-10-16 04:50:03,103,3102
2024-10-16 05:00:02,105,3001
2024-10-16 05:00:02,105,3101
2024-10-16 05:00:03,105,3112
2024-10-16 05:10:02,105,3004
2024-10-16 05:10:02,105,3088
2024-10-16 05:10:03,105,3115
2024-10-16 05:20:02,101,3005
2024-10-16 05:20:03,101,3101
2024-10-16 05:20:03,101,3114
2024-10-16 05:30:02,98,3005
2024-10-16 05:30:03,98,3112
2024-10-16 05:30:03,98,3117
2024-10-16 05:40:02,99,2991
2024-10-16 05:40:03,99,3103
2024-10-16 05:40:03,99,3118
2024-10-16 05:50:02,101,3016
2024-10-16 05:50:03,101,3114
2024-10-16 05:50:03,101,3128
2024-10-16 06:00:02,99,3017
2024-10-16 06:00:03,99,3115
2024-10-16 06:00:03,99,3128
2024-10-16 06:10:03,103,3019
2024-10-16 06:10:03,103,3117
2024-10-16 06:10:04,103,3130
2024-10-16 06:20:02,102,3018
2024-10-16 06:20:02,102,3118
2024-10-16 06:20:03,102,3130
2024-10-16 06:30:02,101,3019
2024-10-16 06:30:02,101,3113
2024-10-16 06:30:03,101,3131
2024-10-16 06:40:02,103,3022
2024-10-16 06:40:02,103,3118
2024-10-16 06:40:03,103,3135
2024-10-16 06:50:02,101,3021
2024-10-16 06:50:03,101,3127
2024-10-16 06:50:03,101,3142
2024-10-16 07:00:02,102,3039
2024-10-16 07:00:03,102,3175
2024-10-16 07:00:03,102,3190
2024-10-16 07:10:02,102,1598
2024-10-16 07:10:03,102,1626
2024-10-16 07:10:03,102,1624
2024-10-16 07:20:02,100,1900
2024-10-16 07:20:03,100,1915
2024-10-16 07:20:03,100,1927
2024-10-16 07:30:03,104,1950
2024-10-16 07:30:03,104,1994
2024-10-16 07:30:04,104,1995
2024-10-16 07:40:02,102,1932
2024-10-16 07:40:02,102,1962
2024-10-16 07:40:03,102,1961
2024-10-16 07:50:02,102,2000
2024-10-16 07:50:02,102,2039
2024-10-16 07:50:03,102,2030
2024-10-16 08:00:02,103,2061
2024-10-16 08:00:02,103,2110
2024-10-16 08:00:03,103,2109
2024-10-16 08:10:02,102,2094
2024-10-16 08:10:03,102,2139
2024-10-16 08:10:03,102,2139
2024-10-16 08:20:02,99,2104
2024-10-16 08:20:03,99,2153
2024-10-16 08:20:03,99,2142
2024-10-16 08:30:02,101,2120
2024-10-16 08:30:03,101,2166
2024-10-16 08:30:03,101,2158
2024-10-16 08:40:02,105,2121
2024-10-16 08:40:03,105,2172
2024-10-16 08:40:03,105,2135
2024-10-16 08:50:03,100,2123
2024-10-16 08:50:03,100,2171
2024-10-16 08:50:03,100,2170
2024-10-16 09:00:02,102,2123
2024-10-16 09:00:02,102,2120
2024-10-16 09:00:03,102,2159
2024-10-16 09:10:02,102,2109
2024-10-16 09:10:02,102,2159
2024-10-16 09:10:03,102,2158
2024-10-16 09:20:02,105,2106
2024-10-16 09:20:02,105,2154
2024-10-16 09:20:03,105,2152
2024-10-16 09:30:02,102,2094
2024-10-16 09:30:02,102,2141
2024-10-16 09:30:03,102,2141
2024-10-16 09:40:02,100,2092
2024-10-16 09:40:03,100,2139
2024-10-16 09:40:03,100,2140
2024-10-16 09:50:02,104,2064
2024-10-16 09:50:03,104,2125
2024-10-16 09:50:03,104,2124
2024-10-16 10:00:02,97,2060
2024-10-16 10:00:03,97,2122
2024-10-16 10:00:03,97,2126
2024-10-16 10:10:02,101,2046
2024-10-16 10:10:03,101,2122
2024-10-16 10:10:03,101,2064
2024-10-16 10:20:03,100,2059
2024-10-16 10:20:03,100,2108
2024-10-16 10:20:04,100,2105
2024-10-16 10:30:02,105,2056
2024-10-16 10:30:02,105,2104
2024-10-16 10:30:03,105,2104
2024-10-16 10:40:02,101,2044
2024-10-16 10:40:02,101,2091
2024-10-16 10:40:03,101,2092
2024-10-16 10:50:02,101,2042
2024-10-16 10:50:02,101,2090
2024-10-16 10:50:03,101,2090
2024-10-16 11:00:02,103,2039
2024-10-16 11:00:02,103,2086
2024-10-16 11:00:03,103,2087
2024-10-16 11:10:02,102,2025
2024-10-16 11:10:03,102,2074
2024-10-16 11:10:03,102,2074
2024-10-16 11:20:02,104,2022
2024-10-16 11:20:03,104,2064
2024-10-16 11:20:03,104,2063
2024-10-16 11:30:02,101,2012
2024-10-16 11:30:03,101,2060
2024-10-16 11:30:03,101,2062
2024-10-16 11:40:02,101,2012
2024-10-16 11:40:03,101,2060
2024-10-16 11:40:03,101,2062
2024-10-16 11:50:03,102,2008
2024-10-16 11:50:03,102,2056
2024-10-16 11:50:04,102,2056
2024-10-16 12:00:02,103,1996
2024-10-16 12:00:02,103,2044
2024-10-16 12:00:03,103,2045
2024-10-16 12:10:02,100,1993
2024-10-16 12:10:02,100,2042
2024-10-16 12:10:03,100,2040
2024-10-16 12:20:02,100,1991
2024-10-16 12:20:02,100,2032
2024-10-16 12:20:03,100,2040
2024-10-16 12:30:02,100,1982
2024-10-16 12:30:03,100,2029
2024-10-16 12:30:03,100,2029
2024-10-16 12:40:02,102,1979
2024-10-16 12:40:03,102,2028
2024-10-16 12:40:03,102,2029
2024-10-16 12:50:02,103,1977
2024-10-16 12:50:03,103,2024
2024-10-16 12:50:03,103,2025
2024-10-16 13:00:02,99,1965
2024-10-16 13:00:03,99,2011
2024-10-16 13:00:03,99,2011
2024-10-16 13:10:02,102,1951
2024-10-16 13:10:03,102,2007
2024-10-16 13:10:03,102,2008
2024-10-16 13:20:02,99,1959
2024-10-16 13:20:02,99,1983
2024-10-16 13:20:03,99,1978
2024-10-16 13:30:02,101,1935
2024-10-16 13:30:02,101,1982
2024-10-16 13:30:03,101,1991
2024-10-16 13:40:02,102,1931
2024-10-16 13:40:02,102,1977
2024-10-16 13:40:03,102,1978
2024-10-16 13:50:02,102,1930
2024-10-16 13:50:02,102,1977
2024-10-16 13:50:03,102,1977
2024-10-16 14:00:02,104,1920
2024-10-16 14:00:03,104,1965
2024-10-16 14:00:03,104,1967
2024-10-16 14:10:02,102,1916
2024-10-16 14:10:03,102,1948
2024-10-16 14:10:03,102,1978
2024-10-16 14:20:02,104,1926
2024-10-16 14:20:03,104,1952
2024-10-16 14:20:03,104,1961
2024-10-16 14:30:02,101,1904
2024-10-16 14:30:03,101,1950
2024-10-16 14:30:03,101,1951
2024-10-16 14:40:03,104,1900
2024-10-16 14:40:03,104,1947
2024-10-16 14:40:03,104,1936
2024-10-16 14:50:02,102,1897
2024-10-16 14:50:02,102,1943
2024-10-16 14:50:03,102,1944
2024-10-16 15:00:02,104,1883
2024-10-16 15:00:02,104,1932
2024-10-16 15:00:03,104,1932
2024-10-16 15:10:02,103,1880
2024-10-16 15:10:02,103,1920
2024-10-16 15:10:03,103,1928
2024-10-16 15:20:02,103,1868
2024-10-16 15:20:03,103,1916
2024-10-16 15:20:03,103,1917
2024-10-16 15:30:02,104,1864
2024-10-16 15:30:03,104,1902
2024-10-16 15:30:03,104,1904
2024-10-16 15:40:02,101,1850
2024-10-16 15:40:03,101,1897
2024-10-16 15:40:03,101,1898
2024-10-16 15:50:02,104,1832
2024-10-16 15:50:03,104,1884
2024-10-16 15:50:03,104,1885
2024-10-16 16:00:02,99,1834
2024-10-16 16:00:03,99,1870
2024-10-16 16:00:03,99,1880
2024-10-16 16:10:03,100,1820
2024-10-16 16:10:03,100,1855
2024-10-16 16:10:04,100,1866
2024-10-16 16:20:02,104,1816
2024-10-16 16:20:02,104,1855
2024-10-16 16:20:03,104,1855
2024-10-16 16:30:02,102,1799
2024-10-16 16:30:02,102,1847
2024-10-16 16:30:03,102,1839
2024-10-16 16:40:02,101,1788
2024-10-16 16:40:02,101,1836
2024-10-16 16:40:03,101,1834
2024-10-16 16:50:02,104,1783
2024-10-16 16:50:03,104,1821
2024-10-16 16:50:03,104,1822
2024-10-16 17:00:02,101,1769
2024-10-16 17:00:03,101,1806
2024-10-16 17:00:03,101,1815
2024-10-16 17:10:02,102,1755
2024-10-16 17:10:03,102,1801
2024-10-16 17:10:03,102,1800
2024-10-16 17:20:02,100,1742
2024-10-16 17:20:03,100,1786
2024-10-16 17:20:03,100,1786
2024-10-16 17:30:02,101,1695
2024-10-16 17:30:03,101,1774
2024-10-16 17:30:03,101,1784
2024-10-16 17:40:03,100,1725
2024-10-16 17:40:03,100,1769
2024-10-16 17:40:04,100,1770
2024-10-16 17:50:02,101,1720
2024-10-16 17:50:02,101,1756
2024-10-16 17:50:03,101,1758
2024-10-16 18:00:02,101,1706
2024-10-16 18:00:02,101,1752
2024-10-16 18:00:03,101,1744
2024-10-16 18:10:02,99,1692
2024-10-16 18:10:02,99,1738
2024-10-16 18:10:03,99,1736
2024-10-16 18:20:02,103,1673
2024-10-16 18:20:03,103,1722
2024-10-16 18:20:03,103,1721
2024-10-16 18:30:02,98,1672
2024-10-16 18:30:03,98,1711
2024-10-16 18:30:03,98,1720
2024-10-16 18:40:02,99,1661
2024-10-16 18:40:03,99,1704
2024-10-16 18:40:03,99,1696
2024-10-16 18:50:02,101,1656
2024-10-16 18:50:03,101,1695
2024-10-16 18:50:03,101,1695
2024-10-16 19:00:03,102,1632
2024-10-16 19:00:03,102,1646
2024-10-16 19:00:03,102,1616
2024-10-16 19:10:03,102,2456
2024-10-16 19:10:03,102,2526
2024-10-16 19:10:04,102,2527
2024-10-16 19:20:02,100,2647
2024-10-16 19:20:02,100,2745
2024-10-16 19:20:03,100,2747
2024-10-16 19:30:02,98,2798
2024-10-16 19:30:02,98,2891
2024-10-16 19:30:03,98,2903
2024-10-16 19:40:02,97,2861
2024-10-16 19:40:02,97,2957
2024-10-16 19:40:03,97,2960
2024-10-16 19:50:02,100,2893
2024-10-16 19:50:03,100,2987
2024-10-16 19:50:03,100,2998
2024-10-16 20:00:02,97,2920
2024-10-16 20:00:03,97,3006
2024-10-16 20:00:03,97,3019
2024-10-16 20:10:02,98,2937
2024-10-16 20:10:03,98,3031
2024-10-16 20:10:03,98,3033
2024-10-16 20:20:02,102,2952
2024-10-16 20:20:03,102,3038
2024-10-16 20:20:03,102,3051
2024-10-16 20:30:03,98,2955
2024-10-16 20:30:03,98,3049
2024-10-16 20:30:04,98,3063
2024-10-16 20:40:02,96,2955
2024-10-16 20:40:02,96,3050
2024-10-16 20:40:03,96,3051
2024-10-16 20:50:02,98,2958
2024-10-16 20:50:02,98,3050
2024-10-16 20:50:03,98,3036
2024-10-16 21:00:02,97,2954
2024-10-16 21:00:02,97,3039
2024-10-16 21:00:03,97,3050
2024-10-16 21:10:02,98,2954
2024-10-16 21:10:03,98,3039
2024-10-16 21:10:03,98,3047
2024-10-16 21:20:02,100,2952
2024-10-16 21:20:03,100,3035
2024-10-16 21:20:03,100,3038
2024-10-16 21:30:02,101,2953
2024-10-16 21:30:03,101,3036
2024-10-16 21:30:03,101,3038
2024-10-16 21:40:02,99,2944
2024-10-16 21:40:03,99,3023
2024-10-16 21:40:03,99,3036
2024-10-16 21:50:03,98,2943
2024-10-16 21:50:03,98,3034
2024-10-16 21:50:03,98,3036
2024-10-16 22:00:02,98,2940
2024-10-16 22:00:02,98,3031
2024-10-16 22:00:03,98,3035
2024-10-16 22:10:02,101,2926
2024-10-16 22:10:02,101,3032
2024-10-16 22:10:03,101,3034
2024-10-16 22:20:02,97,2936
2024-10-16 22:20:02,97,3024
2024-10-16 22:20:03,97,3032
2024-10-16 22:30:02,100,2937
2024-10-16 22:30:02,100,3022
2024-10-16 22:30:03,100,3033
2024-10-16 22:40:02,97,2936
2024-10-16 22:40:03,97,3018
2024-10-16 22:40:03,97,3030
2024-10-16 22:50:02,97,2935
2024-10-16 22:50:03,97,3019
2024-10-16 22:50:03,97,3030
2024-10-16 23:00:02,96,2935
2024-10-16 23:00:03,96,3021
2024-10-16 23:00:03,96,3030
2024-10-16 23:10:02,98,2926
2024-10-16 23:10:03,98,3020
2024-10-16 23:10:03,98,3022
2024-10-16 23:20:03,101,2935
2024-10-16 23:20:03,101,3019
2024-10-16 23:20:04,101,3024
2024-10-16 23:30:02,96,2924
2024-10-16 23:30:02,96,3019
2024-10-16 23:30:03,96,3022
2024-10-16 23:40:02,99,2935
2024-10-16 23:40:02,99,3021
2024-10-16 23:40:03,99,3023
2024-10-16 23:50:02,99,2927
2024-10-16 23:50:02,99,3019
2024-10-16 23:50:03,99,3021
2024-10-17 00:00:02,96,2926
2024-10-17 00:00:02,96,3018
2024-10-17 00:00:03,96,3023
2024-10-17 00:10:02,100,2922
2024-10-17 00:10:03,100,3019
2024-10-17 00:10:03,100,3033
2024-10-17 00:20:02,97,2926
2024-10-17 00:20:03,97,3019
2024-10-17 00:20:03,97,3022
2024-10-17 00:30:02,99,2927
2024-10-17 00:30:03,99,3019
2024-10-17 00:30:03,99,3030
2024-10-17 00:40:02,98,2925
2024-10-17 00:40:03,98,3019
2024-10-17 00:40:03,98,3021
2024-10-17 00:50:03,97,2924
2024-10-17 00:50:03,97,3017
2024-10-17 00:50:04,97,3021
2024-10-17 01:00:02,100,2923
2024-10-17 01:00:02,100,3017
2024-10-17 01:00:03,100,3021
2024-10-17 01:10:02,98,2934
2024-10-17 01:10:02,98,3019
2024-10-17 01:10:03,98,3023
2024-10-17 01:20:02,96,2925
2024-10-17 01:20:02,96,3017
2024-10-17 01:20:03,96,3022
2024-10-17 01:30:02,102,2925
2024-10-17 01:30:02,102,3020
2024-10-17 01:30:03,102,3031
2024-10-17 01:40:02,96,2927
2024-10-17 01:40:03,96,3018
2024-10-17 01:40:03,96,3023
2024-10-17 01:50:02,98,2925
2024-10-17 01:50:03,98,3020
2024-10-17 01:50:03,98,3022
2024-10-17 02:00:02,98,2927
2024-10-17 02:00:03,98,3019
2024-10-17 02:00:03,98,3022
2024-10-17 02:10:02,98,2926
2024-10-17 02:10:03,98,3015
2024-10-17 02:10:03,98,3023
2024-10-17 02:20:03,98,2925
2024-10-17 02:20:03,98,3019
2024-10-17 02:20:04,98,3024
2024-10-17 02:30:02,98,2927
2024-10-17 02:30:02,98,3020
2024-10-17 02:30:03,98,3031
2024-10-17 02:40:02,99,2927
2024-10-17 02:40:02,99,3065
2024-10-17 02:40:03,99,3022
2024-10-17 02:50:02,98,2923
2024-10-17 02:50:02,98,3020
2024-10-17 02:50:03,98,3022
2024-10-17 03:00:02,95,2936
2024-10-17 03:00:03,95,3019
2024-10-17 03:00:03,95,3033
2024-10-17 03:10:02,98,2926
2024-10-17 03:10:03,98,3019
2024-10-17 03:10:03,98,3032
2024-10-17 03:20:02,97,2936
2024-10-17 03:20:03,97,3021
2024-10-17 03:20:03,97,3035
2024-10-17 03:30:02,97,2936
2024-10-17 03:30:03,97,3022
2024-10-17 03:30:03,97,3034
2024-10-17 03:40:03,100,2937
2024-10-17 03:40:03,100,3030
2024-10-17 03:40:03,100,3033
2024-10-17 03:50:02,98,2937
2024-10-17 03:50:02,98,3034
2024-10-17 03:50:03,98,3023
2024-10-17 04:00:02,98,2940
2024-10-17 04:00:02,98,3034
2024-10-17 04:00:03,98,3038
2024-10-17 04:10:02,96,2940
2024-10-17 04:10:02,96,3048
2024-10-17 04:10:03,96,3048
2024-10-17 04:20:02,99,2941
2024-10-17 04:20:02,99,3020
2024-10-17 04:20:03,99,3048
2024-10-17 04:30:02,98,2957
2024-10-17 04:30:03,98,3047
2024-10-17 04:30:03,98,3052
2024-10-17 04:40:02,100,2968
2024-10-17 04:40:03,100,3052
2024-10-17 04:40:03,100,3055
2024-10-17 04:50:02,97,2958
2024-10-17 04:50:03,97,3052
2024-10-17 04:50:03,97,3065
2024-10-17 05:00:02,98,2967
2024-10-17 05:00:03,98,3064
2024-10-17 05:00:03,98,3068
2024-10-17 05:10:03,98,2971
2024-10-17 05:10:03,98,3064
2024-10-17 05:10:04,98,3070
2024-10-17 05:20:02,96,2973
2024-10-17 05:20:02,96,3069
2024-10-17 05:20:03,96,3086
2024-10-17 05:30:02,97,2973
2024-10-17 05:30:02,97,3070
2024-10-17 05:30:03,97,3084
2024-10-17 05:40:02,98,2984
2024-10-17 05:40:02,98,3081
2024-10-17 05:40:03,98,3086
2024-10-17 05:50:02,101,2985
2024-10-17 05:50:03,101,3082
2024-10-17 05:50:03,101,3087
2024-10-17 06:00:02,97,2984
2024-10-17 06:00:03,97,3072
2024-10-17 06:00:03,97,3088
2024-10-17 06:10:02,100,2984
2024-10-17 06:10:03,100,3084
2024-10-17 06:10:03,100,3088
2024-10-17 06:20:02,99,2984
2024-10-17 06:20:03,99,3082
2024-10-17 06:20:03,99,3088
2024-10-17 06:30:03,98,2985
2024-10-17 06:30:03,98,3084
2024-10-17 06:30:04,98,3097
2024-10-17 06:40:02,94,2989
2024-10-17 06:40:02,94,3099
2024-10-17 06:40:03,94,3100
2024-10-17 06:50:02,103,2988
2024-10-17 06:50:02,103,3087
2024-10-17 06:50:03,103,3100
2024-10-17 07:00:02,98,2988
2024-10-17 07:00:02,98,3114
2024-10-17 07:00:03,98,3145
2024-10-17 07:10:02,95,1577
2024-10-17 07:10:02,95,1608
2024-10-17 07:10:03,95,1598
2024-10-17 07:20:02,96,1852
2024-10-17 07:20:03,96,1896
2024-10-17 07:20:03,96,1896
2024-10-17 07:30:02,96,1888
2024-10-17 07:30:03,96,1932
2024-10-17 07:30:03,96,1933
2024-10-17 07:40:02,99,1885
2024-10-17 07:40:03,99,1930
2024-10-17 07:40:03,99,1926
2024-10-17 07:50:02,100,1960
2024-10-17 07:50:03,100,2000
2024-10-17 07:50:03,100,1998
2024-10-17 08:00:03,100,2047
2024-10-17 08:00:03,100,2079
2024-10-17 08:00:04,100,2086
2024-10-17 08:10:02,99,2061
2024-10-17 08:10:02,99,2109
2024-10-17 08:10:03,99,2107
2024-10-17 08:20:02,99,2075
2024-10-17 08:20:02,99,2120
2024-10-17 08:20:03,99,2121
2024-10-17 08:30:02,97,2093
2024-10-17 08:30:02,97,2141
2024-10-17 08:30:03,97,2139
2024-10-17 08:40:02,100,2104
2024-10-17 08:40:02,100,2136
2024-10-17 08:40:03,100,2144
2024-10-17 08:50:02,99,2094
2024-10-17 08:50:03,99,2141
2024-10-17 08:50:03,99,2143
2024-10-17 09:00:02,102,2106
2024-10-17 09:00:03,102,2143
2024-10-17 09:00:03,102,2126
2024-10-17 09:10:02,100,2104
2024-10-17 09:10:03,100,2152
2024-10-17 09:10:03,100,2152
2024-10-17 09:20:02,101,2094
2024-10-17 09:20:03,101,2141
2024-10-17 09:20:03,101,2141
2024-10-17 09:30:03,101,2088
2024-10-17 09:30:03,101,2135
2024-10-17 09:30:04,101,2135
2024-10-17 09:40:02,101,2075
2024-10-17 09:40:02,101,2123
2024-10-17 09:40:03,101,2121
2024-10-17 09:50:02,101,2063
2024-10-17 09:50:02,101,2111
2024-10-17 09:50:03,101,2109
2024-10-17 10:00:02,100,2058
2024-10-17 10:00:02,100,2104
2024-10-17 10:00:03,100,2104
2024-10-17 10:10:02,100,2044
2024-10-17 10:10:02,100,2095
2024-10-17 10:10:03,100,2094
2024-10-17 10:20:02,100,2042
2024-10-17 10:20:03,100,2090
2024-10-17 10:20:03,100,2090
2024-10-17 10:30:02,98,2039
2024-10-17 10:30:03,98,2089
2024-10-17 10:30:03,98,2087
2024-10-17 10:40:02,104,2029
2024-10-17 10:40:03,104,2076
2024-10-17 10:40:03,104,2077
2024-10-17 10:50:02,99,2024
2024-10-17 10:50:03,99,2073
2024-10-17 10:50:03,99,2074
2024-10-17 11:00:03,101,2013
2024-10-17 11:00:03,101,2063
2024-10-17 11:00:04,101,2059
2024-10-17 11:10:02,98,2011
2024-10-17 11:10:02,98,2044
2024-10-17 11:10:03,98,2060
2024-10-17 11:20:02,103,1998
2024-10-17 11:20:02,103,2045
2024-10-17 11:20:03,103,2040
2024-10-17 11:30:02,97,1992
2024-10-17 11:30:02,97,2039
2024-10-17 11:30:03,97,2040
2024-10-17 11:40:02,97,1980
2024-10-17 11:40:02,97,2039
2024-10-17 11:40:03,97,2028
2024-10-17 11:50:02,100,1975
2024-10-17 11:50:03,100,2016
2024-10-17 11:50:03,100,2024
2024-10-17 12:00:02,100,1963
2024-10-17 12:00:03,100,2011
2024-10-17 12:00:03,100,2011
2024-10-17 12:10:02,99,1962
2024-10-17 12:10:03,99,2008
2024-10-17 12:10:03,99,2008
2024-10-17 12:20:03,100,1948
2024-10-17 12:20:03,100,1992
2024-10-17 12:20:03,100,1997
2024-10-17 12:30:03,98,1945
2024-10-17 12:30:03,98,1990
2024-10-17 12:30:04,98,1992
2024-10-17 12:40:02,104,1928
2024-10-17 12:40:02,104,1967
2024-10-17 12:40:03,104,1982
2024-10-17 12:50:02,100,1917
2024-10-17 12:50:02,100,1963
2024-10-17 12:50:03,100,1964
2024-10-17 13:00:02,100,1902
2024-10-17 13:00:02,100,1960
2024-10-17 13:00:03,100,1961
2024-10-17 13:10:02,98,1903
2024-10-17 13:10:03,98,1949
2024-10-17 13:10:03,98,1949
2024-10-17 13:20:02,102,1899
2024-10-17 13:20:03,102,1945
2024-10-17 13:20:03,102,1945
2024-10-17 13:30:02,101,1886
2024-10-17 13:30:03,101,1934
2024-10-17 13:30:03,101,1936
2024-10-17 13:40:02,99,1884
2024-10-17 13:40:03,99,1929
2024-10-17 13:40:03,99,1930
2024-10-17 13:50:02,95,1880
2024-10-17 13:50:03,95,1918
2024-10-17 13:50:03,95,1927
2024-10-17 14:00:03,103,1869
2024-10-17 14:00:03,103,1917
2024-10-17 14:00:04,103,1913
2024-10-17 14:10:02,102,1866
2024-10-17 14:10:02,102,1914
2024-10-17 14:10:03,102,1914
2024-10-17 14:20:02,98,1855
2024-10-17 14:20:02,98,1902
2024-10-17 14:20:03,98,1902
2024-10-17 14:30:02,101,1851
2024-10-17 14:30:02,101,1898
2024-10-17 14:30:03,101,1897
2024-10-17 14:40:02,100,1839
2024-10-17 14:40:03,100,1885
2024-10-17 14:40:03,100,1887
2024-10-17 14:50:02,100,1834
2024-10-17 14:50:03,100,1879
2024-10-17 14:50:03,100,1878
2024-10-17 15:00:02,101,1823
2024-10-17 15:00:03,101,1852
2024-10-17 15:00:03,101,1883
2024-10-17 15:10:02,102,1818
2024-10-17 15:10:03,102,1864
2024-10-17 15:10:03,102,1866
2024-10-17 15:20:03,101,1806
2024-10-17 15:20:03,101,1853
2024-10-17 15:20:04,101,1863
2024-10-17 15:30:02,97,1800
2024-10-17 15:30:02,97,1838
2024-10-17 15:30:03,97,1847
2024-10-17 15:40:02,96,1789
2024-10-17 15:40:02,96,1834
2024-10-17 15:40:03,96,1835
2024-10-17 15:50:02,100,1775
2024-10-17 15:50:02,100,1820
2024-10-17 15:50:03,100,1818
2024-10-17 16:00:02,97,1768
2024-10-17 16:00:02,97,1816
2024-10-17 16:00:03,97,1806
2024-10-17 16:10:02,99,1758
2024-10-17 16:10:03,99,1803
2024-10-17 16:10:03,99,1804
2024-10-17 16:20:02,98,1751
2024-10-17 16:20:03,98,1788
2024-10-17 16:20:03,98,1790
2024-10-17 16:30:02,96,1738
2024-10-17 16:30:03,96,1773
2024-10-17 16:30:03,96,1774
2024-10-17 16:40:02,97,1724
2024-10-17 16:40:03,97,1769
2024-10-17 16:40:03,97,1769
2024-10-17 16:50:03,98,1711
2024-10-17 16:50:03,98,1754
2024-10-17 16:50:04,98,1753
2024-10-17 17:00:02,101,1706
2024-10-17 17:00:02,101,1741
2024-10-17 17:00:03,101,1744
2024-10-17 17:10:02,98,1693
2024-10-17 17:10:02,98,1737
2024-10-17 17:10:03,98,1724
2024-10-17 17:20:02,95,1687
2024-10-17 17:20:02,95,1722
2024-10-17 17:20:03,95,1725
2024-10-17 17:30:02,101,1673
2024-10-17 17:30:03,101,1711
2024-10-17 17:30:03,101,1712
2024-10-17 17:40:02,101,1673
2024-10-17 17:40:03,101,1708
2024-10-17 17:40:03,101,1709
2024-10-17 17:50:02,99,1659
2024-10-17 17:50:03,99,1694
2024-10-17 17:50:03,99,1703
2024-10-17 18:00:02,99,1655
2024-10-17 18:00:03,99,1691
2024-10-17 18:00:03,99,1692
2024-10-17 18:10:03,99,1643
2024-10-17 18:10:03,99,1676
2024-10-17 18:10:03,99,1677
2024-10-17 18:20:02,97,1629
2024-10-17 18:20:02,97,1672
2024-10-17 18:20:03,97,1664
2024-10-17 18:30:02,98,1616
2024-10-17 18:30:02,98,1657
2024-10-17 18:30:03,98,1657
2024-10-17 18:40:02,101,1613
2024-10-17 18:40:02,101,1654
2024-10-17 18:40:03,101,1642
2024-10-17 18:50:02,97,1608
2024-10-17 18:50:02,97,1641
2024-10-17 18:50:03,97,1643
2024-10-17 19:00:02,102,1597
2024-10-17 19:00:03,102,1624
2024-10-17 19:00:03,102,1584
2024-10-17 19:10:02,98,2382
2024-10-17 19:10:03,98,2463
2024-10-17 19:10:03,98,2455
2024-10-17 19:20:02,102,2590
2024-10-17 19:20:03,102,2679
2024-10-17 19:20:03,102,2683
2024-10-17 19:30:02,99,2745
2024-10-17 19:30:03,99,2829
2024-10-17 19:30:03,99,2839
2024-10-17 19:40:03,96,2809
2024-10-17 19:40:03,96,2893
2024-10-17 19:40:04,96,2906
2024-10-17 19:50:02,100,2846
2024-10-17 19:50:02,100,2911
2024-10-17 19:50:03,100,2940
2024-10-17 20:00:02,97,2872
2024-10-17 20:00:02,97,2956
2024-10-17 20:00:03,97,2967
2024-10-17 20:10:02,95,2889
2024-10-17 20:10:02,95,2973
2024-10-17 20:10:03,95,2983
2024-10-17 20:20:02,97,2904
2024-10-17 20:20:03,97,2990
2024-10-17 20:20:03,97,3002
2024-10-17 20:30:02,100,2910
2024-10-17 20:30:03,100,3004
2024-10-17 20:30:03,100,3006
2024-10-17 20:40:02,99,2921
2024-10-17 20:40:03,99,3005
2024-10-17 20:40:03,99,3006
2024-10-17 20:50:02,97,2894
2024-10-17 20:50:03,97,3004
2024-10-17 20:50:03,97,3000
2024-10-17 21:00:03,98,2919
2024-10-17 21:00:03,98,3016
2024-10-17 21:00:04,98,3006
2024-10-17 21:10:02,98,2921
2024-10-17 21:10:02,98,3002
2024-10-17 21:10:03,98,3005
2024-10-17 21:20:02,102,2920
2024-10-17 21:20:02,102,3004
2024-10-17 21:20:03,102,3006
2024-10-17 21:30:02,96,2920
2024-10-17 21:30:02,96,3004
2024-10-17 21:30:03,96,3003
2024-10-17 21:40:02,96,2906
2024-10-17 21:40:02,96,2999
2024-10-17 21:40:03,96,3001
2024-10-17 21:50:02,102,2909
2024-10-17 21:50:03,102,3000
2024-10-17 21:50:03,102,3001
2024-10-17 22:00:02,97,2906
2024-10-17 22:00:03,97,2998
2024-10-17 22:00:03,97,3000
2024-10-17 22:10:02,96,2905
2024-10-17 22:10:03,96,2989
2024-10-17 22:10:03,96,2990
2024-10-17 22:20:02,99,2905
2024-10-17 22:20:03,99,2990
2024-10-17 22:20:03,99,3004
2024-10-17 22:30:03,100,2904
2024-10-17 22:30:03,100,2988
2024-10-17 22:30:04,100,2990
2024-10-17 22:40:02,99,2894
2024-10-17 22:40:02,99,2986
2024-10-17 22:40:03,99,2987
2024-10-17 22:50:02,99,2896
2024-10-17 22:50:02,99,2988
2024-10-17 22:50:03,99,2991
2024-10-17 23:00:02,98,2894
2024-10-17 23:00:02,98,2986
2024-10-17 23:00:03,98,2989
2024-10-17 23:10:02,102,2903
2024-10-17 23:10:02,102,2984
2024-10-17 23:10:03,102,2988
2024-10-17 23:20:02,98,2894
2024-10-17 23:20:03,98,2986
2024-10-17 23:20:03,98,2988
2024-10-17 23:30:02,96,2891
2024-10-17 23:30:03,96,2991
2024-10-17 23:30:03,96,2987
2024-10-17 23:40:02,96,2892
2024-10-17 23:40:03,96,2971
2024-10-17 23:40:03,96,2985
2024-10-17 23:50:02,99,2894
2024-10-17 23:50:03,99,2985
2024-10-17 23:50:03,99,2988
2024-10-18 00:00:03,101,2895
2024-10-18 00:00:03,101,2986
2024-10-18 00:00:04,101,2989
2024-10-18 00:10:02,96,2893
2024-10-18 00:10:02,96,2986
2024-10-18 00:10:03,96,3001
2024-10-18 00:20:02,98,2903
2024-10-18 00:20:02,98,2987
2024-10-18 00:20:03,98,2988
2024-10-18 00:30:02,97,2895
2024-10-18 00:30:02,97,2988
2024-10-18 00:30:03,97,2989
2024-10-18 00:40:02,101,2895
2024-10-18 00:40:03,101,2985
2024-10-18 00:40:03,101,2989
2024-10-18 00:50:02,98,2893
2024-10-18 00:50:03,98,2985
2024-10-18 00:50:03,98,2989
2024-10-18 01:00:02,101,2894
2024-10-18 01:00:03,101,2987
2024-10-18 01:00:03,101,2989
2024-10-18 01:10:02,99,2906
2024-10-18 01:10:03,99,2985
2024-10-18 01:10:03,99,2988
2024-10-18 01:20:03,99,2893
2024-10-18 01:20:03,99,2986
2024-10-18 01:20:04,99,2989
2024-10-18 01:30:02,101,2892
2024-10-18 01:30:02,101,2985
2024-10-18 01:30:03,101,2988
2024-10-18 01:40:02,102,2888
2024-10-18 01:40:02,102,2986
2024-10-18 01:40:03,102,2975
2024-10-18 01:50:02,97,2894
2024-10-18 01:50:02,97,2985
2024-10-18 01:50:03,97,2988
2024-10-18 02:00:02,98,2893
2024-10-18 02:00:02,98,2985
2024-10-18 02:00:03,98,2987
2024-10-18 02:10:02,102,2893
2024-10-18 02:10:03,102,2986
2024-10-18 02:10:03,102,2989
2024-10-18 02:20:02,103,2892
2024-10-18 02:20:03,103,2985
2024-10-18 02:20:03,103,2989
2024-10-18 02:30:02,98,2894
2024-10-18 02:30:03,98,2986
2024-10-18 02:30:03,98,2989
2024-10-18 02:40:02,100,2893
2024-10-18 02:40:03,100,2985
2024-10-18 02:40:03,100,2973
2024-10-18 02:50:03,100,2895
2024-10-18 02:50:03,100,2987
2024-10-18 02:50:04,100,2990
2024-10-18 03:00:02,99,2895
2024-10-18 03:00:02,99,2989
2024-10-18 03:00:03,99,3000
2024-10-18 03:10:02,101,2893
2024-10-18 03:10:02,101,2986
2024-10-18 03:10:03,101,2991
2024-10-18 03:20:02,101,2896
2024-10-18 03:20:02,101,2987
2024-10-18 03:20:03,101,2990
2024-10-18 03:30:02,102,2903
2024-10-18 03:30:03,102,2990
2024-10-18 03:30:03,102,3000
2024-10-18 03:40:02,99,2895
2024-10-18 03:40:03,99,2989
2024-10-18 03:40:03,99,3000
2024-10-18 03:50:02,101,2905
2024-10-18 03:50:03,101,2992
2024-10-18 03:50:03,101,3001
2024-10-18 04:00:02,100,2906
2024-10-18 04:00:03,100,2991
2024-10-18 04:00:03,100,3004
2024-10-18 04:10:02,99,2907
2024-10-18 04:10:03,99,3021
2024-10-18 04:10:03,99,3005
2024-10-18 04:20:03,106,2909
2024-10-18 04:20:03,106,3002
2024-10-18 04:20:04,106,3006
2024-10-18 04:30:02,99,2909
2024-10-18 04:30:02,99,3003
2024-10-18 04:30:03,99,3015
2024-10-18 04:40:02,99,2918
2024-10-18 04:40:02,99,3004
2024-10-18 04:40:03,99,3017
2024-10-18 04:50:02,99,2921
2024-10-18 04:50:02,99,3016
2024-10-18 04:50:03,99,3002
2024-10-18 05:00:02,98,2925
2024-10-18 05:00:03,98,3018
2024-10-18 05:00:03,98,3032
2024-10-18 05:10:02,98,2935
2024-10-18 05:10:03,98,3022
2024-10-18 05:10:03,98,3033
2024-10-18 05:20:02,98,2936
2024-10-18 05:20:03,98,3033
2024-10-18 05:20:03,98,3038
2024-10-18 05:30:02,98,2942
2024-10-18 05:30:03,98,3035
2024-10-18 05:30:03,98,3048
2024-10-18 05:40:03,96,2951
2024-10-18 05:40:03,96,3038
2024-10-18 05:40:03,96,3051
2024-10-18 05:50:02,100,2954
2024-10-18 05:50:02,100,3048
2024-10-18 05:50:03,100,3052
2024-10-18 06:00:02,99,2956
2024-10-18 06:00:02,99,3051
2024-10-18 06:00:03,99,3039
2024-10-18 06:10:02,99,2969
2024-10-18 06:10:02,99,3053
2024-10-18 06:10:03,99,3066
2024-10-18 06:20:02,102,2958
2024-10-18 06:20:02,102,3053
2024-10-18 06:20:03,102,3067
2024-10-18 06:30:02,100,2966
2024-10-18 06:30:03,100,3063
2024-10-18 06:30:03,100,3068
2024-10-18 06:40:02,99,2959
2024-10-18 06:40:03,99,3063
2024-10-18 06:40:03,99,3069
2024-10-18 06:50:02,99,2969
2024-10-18 06:50:03,99,3066
2024-10-18 06:50:03,99,3072
2024-10-18 07:00:02,101,3021
2024-10-18 07:00:03,101,3117
2024-10-18 07:00:03,101,3128
2024-10-18 07:10:03,96,1515
2024-10-18 07:10:03,96,1544
2024-10-18 07:10:04,96,1535
2024-10-18 07:20:02,99,1775
2024-10-18 07:20:02,99,1817
2024-10-18 07:20:03,99,1818
2024-10-18 07:30:02,100,1839
2024-10-18 07:30:02,100,1853
2024-10-18 07:30:03,100,1855
2024-10-18 07:40:02,102,1835
2024-10-18 07:40:02,102,1881
2024-10-18 07:40:03,102,1881
2024-10-18 07:50:02,98,1902
2024-10-18 07:50:03,98,1947
2024-10-18 07:50:03,98,1949
2024-10-18 08:00:02,99,1978
2024-10-18 08:00:03,99,2014
2024-10-18 08:00:03,99,2010
2024-10-18 08:10:02,104,1994
2024-10-18 08:10:03,104,2048
2024-10-18 08:10:03,104,2043
2024-10-18 08:20:02,104,2024
2024-10-18 08:20:03,104,2064
2024-10-18 08:20:03,104,2062
2024-10-18 08:30:02,99,2041
2024-10-18 08:30:03,99,2088
2024-10-18 08:30:03,99,2088
2024-10-18 08:40:03,100,2046
2024-10-18 08:40:03,100,2104
2024-10-18 08:40:04,100,2094
2024-10-18 08:50:02,100,2057
2024-10-18 08:50:02,100,2104
2024-10-18 08:50:03,100,2103
2024-10-18 09:00:02,100,2045
2024-10-18 09:00:02,100,2094
2024-10-18 09:00:03,100,2093
2024-10-18 09:10:02,94,2056
2024-10-18 09:10:02,94,2091
2024-10-18 09:10:03,94,2104
2024-10-18 09:20:02,101,2041
2024-10-18 09:20:03,101,2089
2024-10-18 09:20:03,101,2089
2024-10-18 09:30:02,103,2031
2024-10-18 09:30:03,103,2075
2024-10-18 09:30:03,103,2076
2024-10-18 09:40:02,100,2028
2024-10-18 09:40:03,100,2073
2024-10-18 09:40:03,100,2073
2024-10-18 09:50:02,102,2022
2024-10-18 09:50:03,102,2062
2024-10-18 09:50:03,102,2063
2024-10-18 10:00:02,100,2025
2024-10-18 10:00:03,100,2064
2024-10-18 10:00:03,100,2056
2024-10-18 10:10:03,101,2008
2024-10-18 10:10:03,101,2046
2024-10-18 10:10:04,101,2055
2024-10-18 10:20:02,98,2006
2024-10-18 10:20:02,98,2041
2024-10-18 10:20:03,98,2042
2024-10-18 10:30:02,98,2013
2024-10-18 10:30:02,98,2040
2024-10-18 10:30:03,98,2031
2024-10-18 10:40:02,101,1982
2024-10-18 10:40:02,101,2027
2024-10-18 10:40:03,101,2027
2024-10-18 10:50:02,101,1977
2024-10-18 10:50:03,101,2024
2024-10-18 10:50:03,101,2025
2024-10-18 11:00:02,100,1965
2024-10-18 11:00:03,100,2011
2024-10-18 11:00:03,100,2012
2024-10-18 11:10:02,102,1952
2024-10-18 11:10:03,102,1998
2024-10-18 11:10:03,102,2008
2024-10-18 11:20:02,100,1948
2024-10-18 11:20:03,100,1995
2024-10-18 11:20:03,100,2008
2024-10-18 11:30:03,103,1946
2024-10-18 11:30:03,103,1992
2024-10-18 11:30:04,103,1992
2024-10-18 11:40:02,103,1935
2024-10-18 11:40:02,103,1992
2024-10-18 11:40:03,103,1983
2024-10-18 11:50:02,102,1930
2024-10-18 11:50:02,102,1976
2024-10-18 11:50:03,102,1989
2024-10-18 12:00:02,101,1919
2024-10-18 12:00:02,101,1974
2024-10-18 12:00:03,101,1967
2024-10-18 12:10:02,100,1914
2024-10-18 12:10:02,100,1962
2024-10-18 12:10:03,100,1962
2024-10-18 12:20:02,96,1911
2024-10-18 12:20:03,96,1950
2024-10-18 12:20:03,96,1960
2024-10-18 12:30:02,99,1899
2024-10-18 12:30:03,99,1945
2024-10-18 12:30:03,99,1947
2024-10-18 12:40:02,99,1886
2024-10-18 12:40:03,99,1934
2024-10-18 12:40:03,99,1935
2024-10-18 12:50:02,99,1882
2024-10-18 12:50:03,99,1928
2024-10-18 12:50:03,99,1929
2024-10-18 13:00:03,101,1868
2024-10-18 13:00:03,101,1916
2024-10-18 13:00:04,101,1930
2024-10-18 13:10:02,103,1866
2024-10-18 13:10:02,103,1911
2024-10-18 13:10:03,103,1914
2024-10-18 13:20:02,100,1856
2024-10-18 13:20:02,100,1900
2024-10-18 13:20:03,100,1902
2024-10-18 13:30:02,102,1852
2024-10-18 13:30:02,102,1898
2024-10-18 13:30:03,102,1899
2024-10-18 13:40:02,100,1846
2024-10-18 13:40:03,100,1886
2024-10-18 13:40:03,100,1886
2024-10-18 13:50:02,99,1834
2024-10-18 13:50:03,99,1880
2024-10-18 13:50:03,99,1883
2024-10-18 14:00:02,98,1823
2024-10-18 14:00:03,98,1869
2024-10-18 14:00:03,98,1871
2024-10-18 14:10:02,101,1817
2024-10-18 14:10:03,101,1863
2024-10-18 14:10:03,101,1867
2024-10-18 14:20:03,100,1807
2024-10-18 14:20:03,100,1854
2024-10-18 14:20:03,100,1863
2024-10-18 14:30:03,100,1802
2024-10-18 14:30:03,100,1851
2024-10-18 14:30:04,100,1851
2024-10-18 14:40:02,100,1775
2024-10-18 14:40:02,100,1851
2024-10-18 14:40:03,100,1839
2024-10-18 14:50:02,98,1788
2024-10-18 14:50:02,98,1834
2024-10-18 14:50:03,98,1835
2024-10-18 15:00:02,99,1784
2024-10-18 15:00:02,99,1806
2024-10-18 15:00:03,99,1821
2024-10-18 15:10:02,100,1771
2024-10-18 15:10:03,100,1807
2024-10-18 15:10:03,100,1818
2024-10-18 15:20:02,104,1759
2024-10-18 15:20:03,104,1806
2024-10-18 15:20:03,104,1807
2024-10-18 15:30:02,101,1755
2024-10-18 15:30:03,101,1801
2024-10-18 15:30:03,101,1800
2024-10-18 15:40:02,101,1741
2024-10-18 15:40:03,101,1785
2024-10-18 15:40:03,101,1788
2024-10-18 15:50:03,101,1727
2024-10-18 15:50:03,101,1772
2024-10-18 15:50:03,101,1774
2024-10-18 16:00:02,97,1724
2024-10-18 16:00:02,97,1743
2024-10-18 16:00:03,97,1756
2024-10-18 16:10:02,97,1689
2024-10-18 16:10:02,97,1755
2024-10-18 16:10:03,97,1753
2024-10-18 16:20:02,100,1704
2024-10-18 16:20:02,100,1741
2024-10-18 16:20:03,100,1741
2024-10-18 16:30:02,94,1675
2024-10-18 16:30:02,94,1722
2024-10-18 16:30:03,94,1735
2024-10-18 16:40:02,99,1676
2024-10-18 16:40:03,99,1720
2024-10-18 16:40:03,99,1720
2024-10-18 16:50:02,100,1664
2024-10-18 16:50:03,100,1706
2024-10-18 16:50:03,100,1706
2024-10-18 17:00:02,100,1656
2024-10-18 17:00:03,100,1677
2024-10-18 17:00:03,100,1677
2024-10-18 17:10:02,103,1644
2024-10-18 17:10:03,103,1677
2024-10-18 17:10:03,103,1687
2024-10-18 17:20:03,98,1613
2024-10-18 17:20:03,98,1673
2024-10-18 17:20:04,98,1676
2024-10-18 17:30:02,103,1625
2024-10-18 17:30:02,103,1661
2024-10-18 17:30:03,103,1661
2024-10-18 17:40:02,101,1615
2024-10-18 17:40:02,101,1645
2024-10-18 17:40:03,101,1657
2024-10-18 17:50:02,101,1611
2024-10-18 17:50:02,101,1654
2024-10-18 17:50:03,101,1645
2024-10-18 18:00:02,98,1607
2024-10-18 18:00:02,98,1626
2024-10-18 18:00:03,98,1630
2024-10-18 18:10:02,97,1595
2024-10-18 18:10:03,97,1631
2024-10-18 18:10:03,97,1631
2024-10-18 18:20:02,96,1592
2024-10-18 18:20:03,96,1626
2024-10-18 18:20:03,96,1627
2024-10-18 18:30:02,101,1580
2024-10-18 18:30:03,101,1622
2024-10-18 18:30:03,101,1630
2024-10-18 18:40:02,101,1579
2024-10-18 18:40:03,101,1595
2024-10-18 18:40:03,101,1625
2024-10-18 18:50:03,95,1575
2024-10-18 18:50:03,95,1611
2024-10-18 18:50:04,95,1609
2024-10-18 19:00:02,100,1567
2024-10-18 19:00:02,100,1599
2024-10-18 19:00:03,100,1564
2024-10-18 19:10:02,98,2328
2024-10-18 19:10:02,98,2393
2024-10-18 19:10:03,98,2391
2024-10-18 19:20:02,98,2536
2024-10-18 19:20:02,98,2619
2024-10-18 19:20:03,98,2621
2024-10-18 19:30:02,97,2686
2024-10-18 19:30:03,97,2776
2024-10-18 19:30:03,97,2778
2024-10-18 19:40:02,100,2761
2024-10-18 19:40:03,100,2845
2024-10-18 19:40:03,100,2810
2024-10-18 19:50:02,97,2807
2024-10-18 19:50:03,97,2878
2024-10-18 19:50:03,97,2903
2024-10-18 20:00:02,99,2815
2024-10-18 20:00:03,99,2908
2024-10-18 20:00:03,99,2910
2024-10-18 20:10:03,100,2839
2024-10-18 20:10:03,100,2927
2024-10-18 20:10:03,100,2927
2024-10-18 20:20:02,97,2846
2024-10-18 20:20:02,97,2937
2024-10-18 20:20:03,97,2941
2024-10-18 20:30:02,96,2857
2024-10-18 20:30:02,96,2953
2024-10-18 20:30:03,96,2955
2024-10-18 20:40:02,101,2875
2024-10-18 20:40:02,101,2958
2024-10-18 20:40:03,101,2968
2024-10-18 20:50:02,98,2880
2024-10-18 20:50:02,98,2967
2024-10-18 20:50:03,98,2970
2024-10-18 21:00:02,101,2888
2024-10-18 21:00:03,101,2970
2024-10-18 21:00:03,101,2973
2024-10-18 21:10:02,99,2889
2024-10-18 21:10:03,99,2967
2024-10-18 21:10:03,99,2974
2024-10-18 21:20:02,98,2893
2024-10-18 21:20:03,98,2972
2024-10-18 21:20:03,98,2968
2024-10-18 21:30:02,99,2888
2024-10-18 21:30:03,99,2970
2024-10-18 21:30:03,99,2955
2024-10-18 21:40:03,101,2894
2024-10-18 21:40:03,101,2970
2024-10-18 21:40:04,101,2986
2024-10-18 21:50:02,102,2880
2024-10-18 21:50:02,102,2973
2024-10-18 21:50:03,102,2970
2024-10-18 22:00:02,104,2875
2024-10-18 22:00:02,104,2968
2024-10-18 22:00:03,104,2972
2024-10-18 22:10:02,102,2877
2024-10-18 22:10:02,102,2959
2024-10-18 22:10:03,102,2968
2024-10-18 22:20:02,99,2875
2024-10-18 22:20:03,99,2958
2024-10-18 22:20:03,99,2967
2024-10-18 22:30:02,100,2873
2024-10-18 22:30:03,100,2956
2024-10-18 22:30:03,100,2959
2024-10-18 22:40:02,99,2863
2024-10-18 22:40:03,99,2954
2024-10-18 22:40:03,99,2956
2024-10-18 22:50:02,101,2863
2024-10-18 22:50:03,101,2952
2024-10-18 22:50:03,101,2955
2024-10-18 23:00:03,98,2861
2024-10-18 23:00:03,98,2951
2024-10-18 23:00:03,98,2953
2024-10-18 23:10:02,99,2859
2024-10-18 23:10:02,99,2941
2024-10-18 23:10:03,99,2952
2024-10-18 23:20:02,98,2860
2024-10-18 23:20:02,98,2942
2024-10-18 23:20:03,98,2952
2024-10-18 23:30:02,97,2857
2024-10-18 23:30:02,97,2939
2024-10-18 23:30:03,97,2943
2024-10-18 23:40:02,97,2856
2024-10-18 23:40:02,97,2938
2024-10-18 23:40:03,97,2941
2024-10-18 23:50:02,99,2856
2024-10-18 23:50:03,99,2941
2024-10-18 23:50:03,99,2939
2024-10-19 00:00:02,99,2831
2024-10-19 00:00:03,99,2939
2024-10-19 00:00:03,99,2951
2024-10-19 00:10:02,97,2858
2024-10-19 00:10:03,97,2935
2024-10-19 00:10:03,97,2941
2024-10-19 00:20:02,95,2856
2024-10-19 00:20:03,95,2940
2024-10-19 00:20:03,95,2944
2024-10-19 00:30:03,103,2860
2024-10-19 00:30:03,103,2942
2024-10-19 00:30:04,103,2952
2024-10-19 00:40:02,99,2859
2024-10-19 00:40:02,99,2950
2024-10-19 00:40:03,99,2953
2024-10-19 00:50:02,98,2859
2024-10-19 00:50:02,98,2952
2024-10-19 00:50:03,98,2953
2024-10-19 01:00:02,103,2861
2024-10-19 01:00:02,103,2953
2024-10-19 01:00:03,103,2954
2024-10-19 01:10:02,100,2859
2024-10-19 01:10:02,100,2952
2024-10-19 01:10:03,100,2955
2024-10-19 01:20:02,102,2860
2024-10-19 01:20:03,102,2957
2024-10-19 01:20:03,102,2943
2024-10-19 01:30:02,100,2862
2024-10-19 01:30:03,100,2952
2024-10-19 01:30:03,100,2954
2024-10-19 01:40:02,102,2859
2024-10-19 01:40:03,102,2952
2024-10-19 01:40:03,102,2955
2024-10-19 01:50:02,103,2874
2024-10-19 01:50:03,103,2941
2024-10-19 01:50:03,103,2952
2024-10-19 02:00:03,99,2861
2024-10-19 02:00:03,99,2952
2024-10-19 02:00:04,99,2958
2024-10-19 02:10:02,101,2861
2024-10-19 02:10:02,101,2951
2024-10-19 02:10:03,101,2955
2024-10-19 02:20:02,99,2861
2024-10-19 02:20:02,99,2952
2024-10-19 02:20:03,99,2955
2024-10-19 02:30:02,99,2861
2024-10-19 02:30:02,99,2952
2024-10-19 02:30:03,99,2955
2024-10-19 02:40:02,103,2862
2024-10-19 02:40:03,103,2952
2024-10-19 02:40:03,103,2956
2024-10-19 02:50:02,100,2862
2024-10-19 02:50:03,100,2954
2024-10-19 02:50:03,100,2957
2024-10-19 03:00:02,97,2861
2024-10-19 03:00:03,97,2954
2024-10-19 03:00:03,97,2956
2024-10-19 03:10:02,103,2861
2024-10-19 03:10:03,103,2952
2024-10-19 03:10:03,103,2955
2024-10-19 03:20:03,99,2862
2024-10-19 03:20:03,99,2953
2024-10-19 03:20:03,99,2955
2024-10-19 03:30:02,99,2874
2024-10-19 03:30:02,99,2957
2024-10-19 03:30:03,99,2958
2024-10-19 03:40:02,101,2862
2024-10-19 03:40:02,101,2908
2024-10-19 03:40:03,101,2954
2024-10-19 03:50:02,100,2861
2024-10-19 03:50:02,100,2953
2024-10-19 03:50:03,100,2957
2024-10-19 04:00:02,100,2872
2024-10-19 04:00:02,100,2956
2024-10-19 04:00:03,100,2959
2024-10-19 04:10:02,101,2872
2024-10-19 04:10:03,101,2956
2024-10-19 04:10:03,101,2958
2024-10-19 04:20:02,101,2871
2024-10-19 04:20:03,101,2957
2024-10-19 04:20:03,101,2968
2024-10-19 04:30:02,97,2872
2024-10-19 04:30:03,97,2957
2024-10-19 04:30:03,97,2968
2024-10-19 04:40:02,101,2875
2024-10-19 04:40:03,101,2943
2024-10-19 04:40:03,101,2970
2024-10-19 04:50:03,103,2874
2024-10-19 04:50:03,103,2967
2024-10-19 04:50:04,103,2972
2024-10-19 05:00:02,97,2862
2024-10-19 05:00:02,97,2969
2024-10-19 05:00:03,97,2975
2024-10-19 05:10:02,102,2886
2024-10-19 05:10:02,102,2972
2024-10-19 05:10:03,102,2983
2024-10-19 05:20:02,100,2889
2024-10-19 05:20:02,100,2983
2024-10-19 05:20:03,100,2985
2024-10-19 05:30:02,100,2891
2024-10-19 05:30:03,100,2983
2024-10-19 05:30:03,100,2987
2024-10-19 05:40:02,99,2895
2024-10-19 05:40:03,99,2989
2024-10-19 05:40:03,99,3000
2024-10-19 05:50:02,101,2940
2024-10-19 05:50:03,101,3000
2024-10-19 05:50:03,101,3006
2024-10-19 06:00:02,100,2909
2024-10-19 06:00:03,100,3004
2024-10-19 06:00:03,100,3015
2024-10-19 06:10:02,98,2910
2024-10-19 06:10:03,98,3001
2024-10-19 06:10:03,98,3016
2024-10-19 06:20:03,102,2920
2024-10-19 06:20:03,102,3015
2024-10-19 06:20:04,102,3018
2024-10-19 06:30:02,101,2911
2024-10-19 06:30:02,101,3006
2024-10-19 06:30:03,101,3003
2024-10-19 06:40:02,102,2923
2024-10-19 06:40:02,102,3017
2024-10-19 06:40:03,102,3022
2024-10-19 06:50:02,98,2923
2024-10-19 06:50:02,98,3016
2024-10-19 06:50:03,98,3023
2024-10-19 07:00:02,101,2926
2024-10-19 07:00:03,101,3003
2024-10-19 07:00:03,101,3054
2024-10-19 07:10:02,101,1471
2024-10-19 07:10:03,101,1501
2024-10-19 07:10:03,101,1512
2024-10-19 07:20:02,99,1721
2024-10-19 07:20:03,99,1754
2024-10-19 07:20:03,99,1756
2024-10-19 07:30:02,99,1786
2024-10-19 07:30:03,99,1836
2024-10-19 07:30:03,99,1839
2024-10-19 07:40:03,98,1786
2024-10-19 07:40:03,98,1821
2024-10-19 07:40:04,98,1820
2024-10-19 07:50:02,101,1847
2024-10-19 07:50:02,101,1884
2024-10-19 07:50:03,101,1883
2024-10-19 08:00:02,100,1916
2024-10-19 08:00:02,100,1962
2024-10-19 08:00:03,100,1963
2024-10-19 08:10:02,100,1952
2024-10-19 08:10:02,100,1997
2024-10-19 08:10:03,100,1996
2024-10-19 08:20:02,99,1979
2024-10-19 08:20:03,99,2023
2024-10-19 08:20:03,99,2024
2024-10-19 08:30:02,100,1999
2024-10-19 08:30:03,100,2040
2024-10-19 08:30:03,100,2042
2024-10-19 08:40:02,103,2008
2024-10-19 08:40:03,103,2046
2024-10-19 08:40:03,103,2048
2024-10-19 08:50:02,101,2009
2024-10-19 08:50:03,101,2056
2024-10-19 08:50:03,101,2061
2024-10-19 09:00:02,104,2012
2024-10-19 09:00:03,104,2040
2024-10-19 09:00:03,104,2058
2024-10-19 09:10:03,101,2008
2024-10-19 09:10:03,101,2045
2024-10-19 09:10:04,101,2047
2024-10-19 09:20:02,101,1996
2024-10-19 09:20:02,101,2039
2024-10-19 09:20:03,101,2045
2024-10-19 09:30:02,98,1993
2024-10-19 09:30:02,98,2040
2024-10-19 09:30:03,98,2029
2024-10-19 09:40:02,101,1979
2024-10-19 09:40:02,101,2025
2024-10-19 09:40:03,101,2025
2024-10-19 09:50:02,103,1975
2024-10-19 09:50:03,103,2013
2024-10-19 09:50:03,103,2025
2024-10-19 10:00:02,99,1964
2024-10-19 10:00:03,99,2010
2024-10-19 10:00:03,99,2011
2024-10-19 10:10:02,99,1962
2024-10-19 10:10:03,99,2009
2024-10-19 10:10:03,99,2009
2024-10-19 10:20:02,97,1949
2024-10-19 10:20:03,97,1997
2024-10-19 10:20:03,97,1997
2024-10-19 10:30:03,99,1947
2024-10-19 10:30:03,99,1992
2024-10-19 10:30:04,99,1994
2024-10-19 10:40:02,100,1931
2024-10-19 10:40:02,100,1982
2024-10-19 10:40:03,100,1979
2024-10-19 10:50:02,101,1919
2024-10-19 10:50:02,101,1962
2024-10-19 10:50:03,101,1963
2024-10-19 11:00:02,98,1912
2024-10-19 11:00:02,98,1959
2024-10-19 11:00:03,98,1961
2024-10-19 11:10:02,102,1898
2024-10-19 11:10:02,102,1945
2024-10-19 11:10:03,102,1946
2024-10-19 11:20:02,100,1888
2024-10-19 11:20:03,100,1934
2024-10-19 11:20:03,100,1935
2024-10-19 11:30:02,100,1884
2024-10-19 11:30:03,100,1929
2024-10-19 11:30:03,100,1930
2024-10-19 11:40:02,101,1870
2024-10-19 11:40:03,101,1915
2024-10-19 11:40:03,101,1915
2024-10-19 11:50:02,98,1865
2024-10-19 11:50:03,98,1912
2024-10-19 11:50:03,98,1912
2024-10-19 12:00:03,102,1855
2024-10-19 12:00:03,102,1899
2024-10-19 12:00:03,102,1912
2024-10-19 12:10:02,100,1850
2024-10-19 12:10:02,100,1888
2024-10-19 12:10:03,100,1896
2024-10-19 12:20:02,101,1840
2024-10-19 12:20:02,101,1885
2024-10-19 12:20:03,101,1896
2024-10-19 12:30:02,98,1835
2024-10-19 12:30:02,98,1879
2024-10-19 12:30:03,98,1881
2024-10-19 12:40:02,103,1823
2024-10-19 12:40:02,103,1869
2024-10-19 12:40:03,103,1871
2024-10-19 12:50:02,99,1818
2024-10-19 12:50:03,99,1864
2024-10-19 12:50:03,99,1865
2024-10-19 13:00:02,100,1806
2024-10-19 13:00:03,100,1864
2024-10-19 13:00:03,100,1836
2024-10-19 13:10:02,103,1801
2024-10-19 13:10:03,103,1832
2024-10-19 13:10:03,103,1846
2024-10-19 13:20:02,101,1789
2024-10-19 13:20:03,101,1835
2024-10-19 13:20:03,101,1836
2024-10-19 13:30:03,98,1784
2024-10-19 13:30:03,98,1822
2024-10-19 13:30:04,98,1832
2024-10-19 13:40:02,100,1772
2024-10-19 13:40:02,100,1817
2024-10-19 13:40:03,100,1819
2024-10-19 13:50:02,100,1769
2024-10-19 13:50:02,100,1806
2024-10-19 13:50:03,100,1806
2024-10-19 14:00:02,99,1758
2024-10-19 14:00:02,99,1803
2024-10-19 14:00:03,99,1803
2024-10-19 14:10:02,100,1754
2024-10-19 14:10:02,100,1799
2024-10-19 14:10:03,100,1802
2024-10-19 14:20:02,99,1757
2024-10-19 14:20:03,99,1791
2024-10-19 14:20:03,99,1800
2024-10-19 14:30:02,98,1751
2024-10-19 14:30:03,98,1773
2024-10-19 14:30:03,98,1783
2024-10-19 14:40:02,99,1727
2024-10-19 14:40:03,99,1767
2024-10-19 14:40:03,99,1773
2024-10-19 14:50:02,102,1725
2024-10-19 14:50:03,102,1767
2024-10-19 14:50:03,102,1772
2024-10-19 15:00:03,97,1718
2024-10-19 15:00:03,97,1755
2024-10-19 15:00:04,97,1758
2024-10-19 15:10:02,102,1709
2024-10-19 15:10:02,102,1743
2024-10-19 15:10:03,102,1753
2024-10-19 15:20:02,98,1695
2024-10-19 15:20:02,98,1737
2024-10-19 15:20:03,98,1739
2024-10-19 15:30:02,103,1690
2024-10-19 15:30:02,103,1728
2024-10-19 15:30:03,103,1736
2024-10-19 15:40:02,96,1687
2024-10-19 15:40:03,96,1721
2024-10-19 15:40:03,96,1721
2024-10-19 15:50:02,100,1671
2024-10-19 15:50:03,100,1706
2024-10-19 15:50:03,100,1709
2024-10-19 16:00:02,99,1659
2024-10-19 16:00:03,99,1704
2024-10-19 16:00:03,99,1704
2024-10-19 16:10:02,100,1657
2024-10-19 16:10:03,100,1688
2024-10-19 16:10:03,100,1678
2024-10-19 16:20:03,99,1640
2024-10-19 16:20:03,99,1673
2024-10-19 16:20:04,99,1673
2024-10-19 16:30:02,102,1628
2024-10-19 16:30:02,102,1672
2024-10-19 16:30:03,102,1672
2024-10-19 16:40:02,99,1616
2024-10-19 16:40:02,99,1658
2024-10-19 16:40:03,99,1657
2024-10-19 16:50:02,101,1608
2024-10-19 16:50:02,101,1644
2024-10-19 16:50:03,101,1647
2024-10-19 17:00:02,100,1597
2024-10-19 17:00:02,100,1640
2024-10-19 17:00:03,100,1628
2024-10-19 17:10:02,97,1631
2024-10-19 17:10:03,97,1626
2024-10-19 17:10:03,97,1630
2024-10-19 17:20:02,99,1579
2024-10-19 17:20:03,99,1623
2024-10-19 17:20:03,99,1624
2024-10-19 17:30:02,102,1564
2024-10-19 17:30:03,102,1593
2024-10-19 17:30:03,102,1609
2024-10-19 17:40:02,99,1562
2024-10-19 17:40:03,99,1598
2024-10-19 17:40:03,99,1606
2024-10-19 17:50:03,104,1562
2024-10-19 17:50:03,104,1630
2024-10-19 17:50:04,104,1595
2024-10-19 18:00:02,100,1549
2024-10-19 18:00:02,100,1584
2024-10-19 18:00:03,100,1582
2024-10-19 18:10:02,98,1544
2024-10-19 18:10:02,98,1579
2024-10-19 18:10:03,98,1580
2024-10-19 18:20:02,99,1531
2024-10-19 18:20:02,99,1565
2024-10-19 18:20:03,99,1567
2024-10-19 18:30:02,101,1528
2024-10-19 18:30:02,101,1561
2024-10-19 18:30:03,101,1545
2024-10-19 18:40:02,101,1517
2024-10-19 18:40:03,101,1561
2024-10-19 18:40:03,101,1561
2024-10-19 18:50:02,99,1513
2024-10-19 18:50:03,99,1547
2024-10-19 18:50:03,99,1549
2024-10-19 19:00:02,99,1512
2024-10-19 19:00:03,99,1497
2024-10-19 19:00:03,99,1485
2024-10-19 19:10:02,98,2235
2024-10-19 19:10:03,98,2304
2024-10-19 19:10:03,98,2311
2024-10-19 19:20:03,97,2455
2024-10-19 19:20:03,97,2527
2024-10-19 19:20:04,97,2539
2024-10-19 19:30:02,96,2608
2024-10-19 19:30:02,96,2683
2024-10-19 19:30:03,96,2700
2024-10-19 19:40:02,98,2682
2024-10-19 19:40:02,98,2765
2024-10-19 19:40:03,98,2777
2024-10-19 19:50:02,101,2719
2024-10-19 19:50:02,101,2799
2024-10-19 19:50:03,101,2809
2024-10-19 20:00:02,98,2745
2024-10-19 20:00:03,98,2827
2024-10-19 20:00:03,98,2830
2024-10-19 20:10:02,99,2763
2024-10-19 20:10:03,99,2844
2024-10-19 20:10:03,99,2856
2024-10-19 20:20:02,100,2780
2024-10-19 20:20:03,100,2860
2024-10-19 20:20:03,100,2870
2024-10-19 20:30:02,99,2779
2024-10-19 20:30:03,99,2874
2024-10-19 20:30:03,99,2876
2024-10-19 20:40:03,104,2799
2024-10-19 20:40:03,104,2887
2024-10-19 20:40:03,104,2890
2024-10-19 20:50:02,97,2812
2024-10-19 20:50:02,97,2894
2024-10-19 20:50:03,97,2895
2024-10-19 21:00:02,100,2824
2024-10-19 21:00:02,100,2905
2024-10-19 21:00:03,100,2905
2024-10-19 21:10:02,99,2828
2024-10-19 21:10:02,99,2908
2024-10-19 21:10:03,99,2909
2024-10-19 21:20:02,97,2828
2024-10-19 21:20:02,97,2911
2024-10-19 21:20:03,97,2919
2024-10-19 21:30:02,95,2838
2024-10-19 21:30:03,95,2920
2024-10-19 21:30:03,95,2921
2024-10-19 21:40:02,101,2828
2024-10-19 21:40:03,101,2911
2024-10-19 21:40:03,101,2919
2024-10-19 21:50:02,98,2827
2024-10-19 21:50:03,98,2908
2024-10-19 21:50:03,98,2923
2024-10-19 22:00:02,99,2828
2024-10-19 22:00:03,99,2906
2024-10-19 22:00:03,99,2908
2024-10-19 22:10:03,97,2824
2024-10-19 22:10:03,97,2906
2024-10-19 22:10:04,97,2907
2024-10-19 22:20:02,100,2824
2024-10-19 22:20:02,100,2905
2024-10-19 22:20:03,100,2906
2024-10-19 22:30:02,104,2814
2024-10-19 22:30:02,104,2895
2024-10-19 22:30:03,104,2904
2024-10-19 22:40:02,99,2812
2024-10-19 22:40:02,99,2893
2024-10-19 22:40:03,99,2894
2024-10-19 22:50:02,97,2808
2024-10-19 22:50:03,97,2891
2024-10-19 22:50:03,97,2889
2024-10-19 23:00:02,100,2809
2024-10-19 23:00:03,100,2889
2024-10-19 23:00:03,100,2891
2024-10-19 23:10:02,99,2808
2024-10-19 23:10:03,99,2891
2024-10-19 23:10:03,99,2892
2024-10-19 23:20:02,101,2796
2024-10-19 23:20:03,101,2889
2024-10-19 23:20:03,101,2890
2024-10-19 23:30:03,97,2796
2024-10-19 23:30:03,97,2880
2024-10-19 23:30:04,97,2888
2024-10-19 23:40:02,98,2798
2024-10-19 23:40:02,98,2879
2024-10-19 23:40:03,98,2888
2024-10-19 23:50:02,103,2797
2024-10-19 23:50:02,103,2878
2024-10-19 23:50:03,103,2872
2024-10-20 00:00:02,98,2796
2024-10-20 00:00:02,98,2878
2024-10-20 00:00:03,98,2887
2024-10-20 00:10:02,97,2797
2024-10-20 00:10:03,97,2879
2024-10-20 00:10:03,97,2889
2024-10-20 00:20:02,102,2797
2024-10-20 00:20:03,102,2888
2024-10-20 00:20:03,102,2889
2024-10-20 00:30:02,99,2793
2024-10-20 00:30:03,99,2888
2024-10-20 00:30:03,99,2889
2024-10-20 00:40:02,100,2810
2024-10-20 00:40:03,100,2890
2024-10-20 00:40:03,100,2894
2024-10-20 00:50:03,103,2799
2024-10-20 00:50:03,103,2890
2024-10-20 00:50:03,103,2892
2024-10-20 01:00:02,99,2808
2024-10-20 01:00:02,99,2890
2024-10-20 01:00:03,99,2894
2024-10-20 01:10:02,100,2810
2024-10-20 01:10:02,100,2902
2024-10-20 01:10:03,100,2894
2024-10-20 01:20:02,102,2792
2024-10-20 01:20:02,102,2893
2024-10-20 01:20:03,102,2895
2024-10-20 01:30:02,99,2810
2024-10-20 01:30:02,99,2893
2024-10-20 01:30:03,99,2895
2024-10-20 01:40:02,100,2810
2024-10-20 01:40:03,100,2891
2024-10-20 01:40:03,100,2895
2024-10-20 01:50:02,100,2809
2024-10-20 01:50:03,100,2893
2024-10-20 01:50:03,100,2896
2024-10-20 02:00:02,99,2809
2024-10-20 02:00:03,99,2893
2024-10-20 02:00:03,99,2896
2024-10-20 02:10:02,101,2810
2024-10-20 02:10:03,101,2893
2024-10-20 02:10:03,101,2896
2024-10-20 02:20:03,101,2809
2024-10-20 02:20:03,101,2891
2024-10-20 02:20:04,101,2895
2024-10-20 02:30:02,99,2809
2024-10-20 02:30:02,99,2904
2024-10-20 02:30:03,99,2895
2024-10-20 02:40:02,98,2808
2024-10-20 02:40:02,98,2892
2024-10-20 02:40:03,98,2896
2024-10-20 02:50:02,101,2809
2024-10-20 02:50:02,101,2893
2024-10-20 02:50:03,101,2905
2024-10-20 03:00:02,99,2809
2024-10-20 03:00:02,99,2892
2024-10-20 03:00:03,99,2893
2024-10-20 03:10:02,100,2808
2024-10-20 03:10:03,100,2892
2024-10-20 03:10:03,100,2894
2024-10-20 03:20:02,98,2808
2024-10-20 03:20:03,98,2893
2024-10-20 03:20:03,98,2895
2024-10-20 03:30:02,99,2810
2024-10-20 03:30:03,99,2893
2024-10-20 03:30:03,99,2903
2024-10-20 03:40:02,102,2808
2024-10-20 03:40:03,102,2895
2024-10-20 03:40:03,102,2905
2024-10-20 03:50:03,97,2811
2024-10-20 03:50:03,97,2893
2024-10-20 03:50:04,97,2904
2024-10-20 04:00:02,101,2809
2024-10-20 04:00:02,101,2894
2024-10-20 04:00:03,101,2904
2024-10-20 04:10:02,99,2811
2024-10-20 04:10:02,99,2903
2024-10-20 04:10:03,99,2907
2024-10-20 04:20:02,99,2812
2024-10-20 04:20:02,99,2904
2024-10-20 04:20:03,99,2907
2024-10-20 04:30:02,98,2813
2024-10-20 04:30:02,98,2904
2024-10-20 04:30:03,98,2908
2024-10-20 04:40:02,101,2815
2024-10-20 04:40:03,101,2906
2024-10-20 04:40:03,101,2909
2024-10-20 04:50:02,99,2815
2024-10-20 04:50:03,99,2907
2024-10-20 04:50:03,99,2910
2024-10-20 05:00:02,98,2824
2024-10-20 05:00:03,98,2909
2024-10-20 05:00:03,98,2921
2024-10-20 05:10:02,98,2828
2024-10-20 05:10:03,98,2911
2024-10-20 05:10:03,98,2923
2024-10-20 05:20:03,101,2831
2024-10-20 05:20:03,101,2922
2024-10-20 05:20:04,101,2935
2024-10-20 05:30:02,99,2842
2024-10-20 05:30:02,99,2924
2024-10-20 05:30:03,99,2956
2024-10-20 05:40:02,101,2841
2024-10-20 05:40:02,101,2921
2024-10-20 05:40:03,101,2939
2024-10-20 05:50:02,103,2843
2024-10-20 05:50:02,103,2937
2024-10-20 05:50:03,103,2941
2024-10-20 06:00:02,101,2846
2024-10-20 06:00:03,101,2940
2024-10-20 06:00:03,101,2952
2024-10-20 06:10:02,100,2857
2024-10-20 06:10:03,100,2943
2024-10-20 06:10:03,100,2955
2024-10-20 06:20:02,100,2858
2024-10-20 06:20:03,100,2952
2024-10-20 06:20:03,100,2956
2024-10-20 06:30:02,97,2863
2024-10-20 06:30:03,97,2952
2024-10-20 06:30:03,97,2958
2024-10-20 06:40:03,100,2862
2024-10-20 06:40:03,100,2954
2024-10-20 06:40:04,100,2967
2024-10-20 06:50:02,99,2871
2024-10-20 06:50:02,99,2956
2024-10-20 06:50:03,99,2969
2024-10-20 07:00:02,96,2872
2024-10-20 07:00:02,96,2970
2024-10-20 07:00:03,96,3003
2024-10-20 07:10:02,97,1423
2024-10-20 07:10:02,97,1451
2024-10-20 07:10:03,97,1453
2024-10-20 07:20:02,97,1644
2024-10-20 07:20:03,97,1675
2024-10-20 07:20:03,97,1677
2024-10-20 07:30:02,97,1725
2024-10-20 07:30:03,97,1755
2024-10-20 07:30:03,97,1767
2024-10-20 07:40:02,96,1724
2024-10-20 07:40:03,96,1767
2024-10-20 07:40:03,96,1759
2024-10-20 07:50:02,97,1771
2024-10-20 07:50:03,97,1815
2024-10-20 07:50:03,97,1807
2024-10-20 08:00:02,98,1837
2024-10-20 08:00:03,98,1882
2024-10-20 08:00:03,98,1883
2024-10-20 08:10:03,99,1868
2024-10-20 08:10:03,99,1912
2024-10-20 08:10:04,99,1913
2024-10-20 08:20:02,102,1888
2024-10-20 08:20:02,102,1932
2024-10-20 08:20:03,102,1931
2024-10-20 08:30:02,99,1914
2024-10-20 08:30:02,99,1961
2024-10-20 08:30:03,99,1961
2024-10-20 08:40:02,98,1931
2024-10-20 08:40:02,98,1975
2024-10-20 08:40:03,98,1967
2024-10-20 08:50:02,100,1932
2024-10-20 08:50:03,100,1976
2024-10-20 08:50:03,100,1978
2024-10-20 09:00:02,102,1933
2024-10-20 09:00:03,102,1979
2024-10-20 09:00:03,102,1967
2024-10-20 09:10:02,99,1897
2024-10-20 09:10:03,99,1968
2024-10-20 09:10:03,99,1978
2024-10-20 09:20:02,99,1934
2024-10-20 09:20:03,99,1981
2024-10-20 09:20:03,99,1981
2024-10-20 09:30:03,100,1930
2024-10-20 09:30:03,100,1976
2024-10-20 09:30:03,100,1976
2024-10-20 09:40:02,101,1919
2024-10-20 09:40:02,101,1964
2024-10-20 09:40:03,101,1966
2024-10-20 09:50:02,96,1916
2024-10-20 09:50:02,96,1960
2024-10-20 09:50:03,96,1964
2024-10-20 10:00:02,101,1912
2024-10-20 10:00:02,101,1963
2024-10-20 10:00:03,101,1950
2024-10-20 10:10:02,100,1899
2024-10-20 10:10:02,100,1945
2024-10-20 10:10:03,100,1945
2024-10-20 10:20:02,95,1898
2024-10-20 10:20:03,95,1934
2024-10-20 10:20:03,95,1943
2024-10-20 10:30:02,98,1884
2024-10-20 10:30:03,98,1929
2024-10-20 10:30:03,98,1932
2024-10-20 10:40:02,98,1886
2024-10-20 10:40:03,98,1917
2024-10-20 10:40:03,98,1919
2024-10-20 10:50:02,100,1867
2024-10-20 10:50:03,100,1917
2024-10-20 10:50:03,100,1901
2024-10-20 11:00:03,99,1865
2024-10-20 11:00:03,99,1901
2024-10-20 11:00:03,99,1912
2024-10-20 11:10:02,101,1854
2024-10-20 11:10:02,101,1896
2024-10-20 11:10:03,101,1899
2024-10-20 11:20:02,101,1849
2024-10-20 11:20:02,101,1895
2024-10-20 11:20:03,101,1897
2024-10-20 11:30:02,99,1838
2024-10-20 11:30:02,99,1885
2024-10-20 11:30:03,99,1870
2024-10-20 11:40:02,98,1834
2024-10-20 11:40:02,98,1880
2024-10-20 11:40:03,98,1881
2024-10-20 11:50:02,102,1830
2024-10-20 11:50:03,102,1867
2024-10-20 11:50:03,102,1869
2024-10-20 12:00:02,100,1817
2024-10-20 12:00:03,100,1862
2024-10-20 12:00:03,100,1864
2024-10-20 12:10:02,100,1807
2024-10-20 12:10:03,100,1851
2024-10-20 12:10:03,100,1852
2024-10-20 12:20:02,100,1803
2024-10-20 12:20:03,100,1847
2024-10-20 12:20:03,100,1849
2024-10-20 12:30:03,101,1789
2024-10-20 12:30:03,101,1836
2024-10-20 12:30:04,101,1836
2024-10-20 12:40:02,99,1785
2024-10-20 12:40:02,99,1832
2024-10-20 12:40:03,99,1832
2024-10-20 12:50:02,97,1773
2024-10-20 12:50:02,97,1815
2024-10-20 12:50:03,97,1818
2024-10-20 13:00:02,95,1754
2024-10-20 13:00:02,95,1802
2024-10-20 13:00:03,95,1789
2024-10-20 13:10:02,101,1755
2024-10-20 13:10:03,101,1790
2024-10-20 13:10:03,101,1800
2024-10-20 13:20:02,100,1744
2024-10-20 13:20:03,100,1786
2024-10-20 13:20:03,100,1788
2024-10-20 13:30:02,99,1744
2024-10-20 13:30:03,99,1788
2024-10-20 13:30:03,99,1786
2024-10-20 13:40:02,103,1737
2024-10-20 13:40:03,103,1768
2024-10-20 13:40:03,103,1759
2024-10-20 13:50:03,102,1720
2024-10-20 13:50:03,102,1757
2024-10-20 13:50:03,102,1758
2024-10-20 14:00:02,97,1706
2024-10-20 14:00:02,97,1750
2024-10-20 14:00:03,97,1754
2024-10-20 14:10:02,100,1705
2024-10-20 14:10:02,100,1740
2024-10-20 14:10:03,100,1741
2024-10-20 14:20:02,98,1695
2024-10-20 14:20:02,98,1737
2024-10-20 14:20:03,98,1739
2024-10-20 14:30:02,99,1689
2024-10-20 14:30:02,99,1726
2024-10-20 14:30:03,99,1735
2024-10-20 14:40:02,101,1687
2024-10-20 14:40:03,101,1708
2024-10-20 14:40:03,101,1723
2024-10-20 14:50:02,96,1673
2024-10-20 14:50:03,96,1710
2024-10-20 14:50:03,96,1719
2024-10-20 15:00:02,99,1661
2024-10-20 15:00:03,99,1704
2024-10-20 15:00:03,99,1708
2024-10-20 15:10:02,100,1656
2024-10-20 15:10:03,100,1695
2024-10-20 15:10:03,100,1702
2024-10-20 15:20:03,100,1646
2024-10-20 15:20:03,100,1689
2024-10-20 15:20:04,100,1688
2024-10-20 15:30:02,102,1641
2024-10-20 15:30:02,102,1677
2024-10-20 15:30:03,102,1679
2024-10-20 15:40:02,101,1673
2024-10-20 15:40:02,101,1663
2024-10-20 15:40:03,101,1659
2024-10-20 15:50:02,97,1614
2024-10-20 15:50:02,97,1657
2024-10-20 15:50:03,97,1657
2024-10-20 16:00:02,100,1656
2024-10-20 16:00:02,100,1646
2024-10-20 16:00:03,100,1656
2024-10-20 16:10:02,102,1595
2024-10-20 16:10:03,102,1629
2024-10-20 16:10:03,102,1639
2024-10-20 16:20:02,99,1592
2024-10-20 16:20:03,99,1625
2024-10-20 16:20:03,99,1627
2024-10-20 16:30:02,99,1579
2024-10-20 16:30:03,99,1614
2024-10-20 16:30:03,99,1614
2024-10-20 16:40:02,99,1516
2024-10-20 16:40:03,99,1598
2024-10-20 16:40:03,99,1609
2024-10-20 16:50:03,99,1560
2024-10-20 16:50:03,99,1596
2024-10-20 16:50:04,99,1595
2024-10-20 17:00:02,99,1548
2024-10-20 17:00:02,99,1583
2024-10-20 17:00:03,99,1591
2024-10-20 17:10:02,97,1544
2024-10-20 17:10:02,97,1577
2024-10-20 17:10:03,97,1578
2024-10-20 17:20:02,98,1531
2024-10-20 17:20:02,98,1575
2024-10-20 17:20:03,98,1576
2024-10-20 17:30:02,99,1527
2024-10-20 17:30:03,99,1563
2024-10-20 17:30:03,99,1576
2024-10-20 17:40:02,99,1511
2024-10-20 17:40:03,99,1548
2024-10-20 17:40:03,99,1551
2024-10-20 17:50:02,102,1513
2024-10-20 17:50:03,102,1549
2024-10-20 17:50:03,102,1550
2024-10-20 18:00:02,96,1503
2024-10-20 18:00:03,96,1535
2024-10-20 18:00:03,96,1535
2024-10-20 18:10:02,101,1499
2024-10-20 18:10:03,101,1515
2024-10-20 18:10:03,101,1533
2024-10-20 18:20:03,101,1482
2024-10-20 18:20:03,101,1529
2024-10-20 18:20:04,101,1514
2024-10-20 18:30:02,100,1485
2024-10-20 18:30:02,100,1526
2024-10-20 18:30:03,100,1518
2024-10-20 18:40:02,99,1482
2024-10-20 18:40:02,99,1516
2024-10-20 18:40:03,99,1515
2024-10-20 18:50:02,97,1480
2024-10-20 18:50:02,97,1513
2024-10-20 18:50:03,97,1514
2024-10-20 19:00:02,98,1470
2024-10-20 19:00:02,98,1503
2024-10-20 19:00:03,98,1471
2024-10-20 19:10:02,101,2170
2024-10-20 19:10:03,101,2236
2024-10-20 19:10:03,101,2239
2024-10-20 19:20:02,105,2347
2024-10-20 19:20:03,105,2459
2024-10-20 19:20:03,105,2471
2024-10-20 19:30:02,97,2541
2024-10-20 19:30:03,97,2622
2024-10-20 19:30:03,97,2634
2024-10-20 19:40:02,102,2621
2024-10-20 19:40:03,102,2703
2024-10-20 19:40:03,102,2713
2024-10-20 19:50:02,102,2665
2024-10-20 19:50:03,102,2749
2024-10-20 19:50:03,102,2763
2024-10-20 20:00:03,105,2695
2024-10-20 20:00:03,105,2776
2024-10-20 20:00:04,105,2766
2024-10-20 20:10:02,98,2713
2024-10-20 20:10:02,98,2795
2024-10-20 20:10:03,98,2798
2024-10-20 20:20:02,101,2731
2024-10-20 20:20:02,101,2812
2024-10-20 20:20:03,101,2815
2024-10-20 20:30:02,101,2746
2024-10-20 20:30:02,101,2827
2024-10-20 20:30:03,101,2830
2024-10-20 20:40:02,98,2760
2024-10-20 20:40:03,98,2841
2024-10-20 20:40:03,98,2844
2024-10-20 20:50:02,103,2765
2024-10-20 20:50:03,103,2847
2024-10-20 20:50:03,103,2848
2024-10-20 21:00:02,101,2776
2024-10-20 21:00:03,101,2855
2024-10-20 21:00:03,101,2858
2024-10-20 21:10:02,102,2780
2024-10-20 21:10:03,102,2859
2024-10-20 21:10:03,102,2862
2024-10-20 21:20:03,102,2791
2024-10-20 21:20:03,102,2871
2024-10-20 21:20:03,102,2872
2024-10-20 21:30:02,101,2794
2024-10-20 21:30:02,101,2873
2024-10-20 21:30:03,101,2873
2024-10-20 21:40:02,99,2792
2024-10-20 21:40:02,99,2873
2024-10-20 21:40:03,99,2875
2024-10-20 21:50:02,98,2794
2024-10-20 21:50:02,98,2873
2024-10-20 21:50:03,98,2874
2024-10-20 22:00:02,102,2793
2024-10-20 22:00:02,102,2864
2024-10-20 22:00:03,102,2874
2024-10-20 22:10:02,101,2784
2024-10-20 22:10:03,101,2871
2024-10-20 22:10:03,101,2864
2024-10-20 22:20:02,99,2782
2024-10-20 22:20:03,99,2863
2024-10-20 22:20:03,99,2863
2024-10-20 22:30:02,97,2782
2024-10-20 22:30:03,97,2862
2024-10-20 22:30:03,97,2863
2024-10-20 22:40:02,101,2778
2024-10-20 22:40:03,101,2860
2024-10-20 22:40:03,101,2860
2024-10-20 22:50:03,101,2775
2024-10-20 22:50:03,101,2857
2024-10-20 22:50:04,101,2858
2024-10-20 23:00:02,100,2775
2024-10-20 23:00:02,100,2856
2024-10-20 23:00:03,100,2857
2024-10-20 23:10:02,100,2775
2024-10-20 23:10:02,100,2856
2024-10-20 23:10:03,100,2857
2024-10-20 23:20:02,100,2766
2024-10-20 23:20:02,100,2847
2024-10-20 23:20:03,100,2855
2024-10-20 23:30:02,106,2765
2024-10-20 23:30:03,106,2855
2024-10-20 23:30:03,106,2856
2024-10-20 23:40:02,99,2763
2024-10-20 23:40:03,99,2842
2024-10-20 23:40:03,99,2845
2024-10-20 23:50:02,102,2762
2024-10-20 23:50:03,102,2845
2024-10-20 23:50:03,102,2846
2024-10-21 00:00:02,101,2764
2024-10-21 00:00:03,101,2844
2024-10-21 00:00:03,101,2845
2024-10-21 00:10:02,97,2751
2024-10-21 00:10:03,97,2846
2024-10-21 00:10:03,97,2846
2024-10-21 00:20:03,100,2764
2024-10-21 00:20:03,100,2844
2024-10-21 00:20:04,100,2856
2024-10-21 00:30:02,101,2760
2024-10-21 00:30:02,101,2845
2024-10-21 00:30:03,101,2859
2024-10-21 00:40:02,99,2764
2024-10-21 00:40:02,99,2846
2024-10-21 00:40:03,99,2828
2024-10-21 00:50:02,101,2765
2024-10-21 00:50:02,101,2844
2024-10-21 00:50:03,101,2847
2024-10-21 01:00:02,99,2766
2024-10-21 01:00:03,99,2844
2024-10-21 01:00:03,99,2855
2024-10-21 01:10:02,102,2767
2024-10-21 01:10:03,102,2861
2024-10-21 01:10:03,102,2856
2024-10-21 01:20:02,99,2767
2024-10-21 01:20:03,99,2847
2024-10-21 01:20:03,99,2858
2024-10-21 01:30:02,99,2764
2024-10-21 01:30:03,99,2847
2024-10-21 01:30:03,99,2857
2024-10-21 01:40:03,99,2775
2024-10-21 01:40:03,99,2856
2024-10-21 01:40:03,99,2859
2024-10-21 01:50:02,101,2775
2024-10-21 01:50:02,101,2857
2024-10-21 01:50:03,101,2859
2024-10-21 02:00:02,96,2776
2024-10-21 02:00:02,96,2858
2024-10-21 02:00:03,96,2861
2024-10-21 02:10:02,99,2776
2024-10-21 02:10:02,99,2857
2024-10-21 02:10:03,99,2861
2024-10-21 02:20:02,101,2775
2024-10-21 02:20:02,101,2857
2024-10-21 02:20:03,101,2859
2024-10-21 02:30:02,101,2778
2024-10-21 02:30:03,101,2843
2024-10-21 02:30:03,101,2858
2024-10-21 02:40:02,101,2774
2024-10-21 02:40:03,101,2845
2024-10-21 02:40:03,101,2859
2024-10-21 02:50:02,99,2777
2024-10-21 02:50:03,99,2848
2024-10-21 02:50:03,99,2856
2024-10-21 03:00:02,99,2766
2024-10-21 03:00:03,99,2861
2024-10-21 03:00:03,99,2857
2024-10-21 03:10:03,100,2776
2024-10-21 03:10:03,100,2860
2024-10-21 03:10:04,100,2860
2024-10-21 03:20:02,100,2768
2024-10-21 03:20:02,100,2859
2024-10-21 03:20:03,100,2858
2024-10-21 03:30:02,98,2767
2024-10-21 03:30:02,98,2860
2024-10-21 03:30:03,98,2861
2024-10-21 03:40:02,101,2767
2024-10-21 03:40:02,101,2855
2024-10-21 03:40:03,101,2861
2024-10-21 03:50:02,100,2774
2024-10-21 03:50:03,100,2858
2024-10-21 03:50:03,100,2860
2024-10-21 04:00:02,102,2776
2024-10-21 04:00:03,102,2858
2024-10-21 04:00:03,102,2863
2024-10-21 04:10:02,101,2780
2024-10-21 04:10:03,101,2861
2024-10-21 04:10:03,101,2871
2024-10-21 04:20:02,98,2778
2024-10-21 04:20:03,98,2861
2024-10-21 04:20:03,98,2864
2024-10-21 04:30:03,99,2780
2024-10-21 04:30:03,99,2862
2024-10-21 04:30:03,99,2870
2024-10-21 04:40:02,100,2778
2024-10-21 04:40:02,100,2863
2024-10-21 04:40:03,100,2863
2024-10-21 04:50:02,101,2782
2024-10-21 04:50:02,101,2872
2024-10-21 04:50:03,101,2875
2024-10-21 05:00:02,100,2792
2024-10-21 05:00:02,100,2873
2024-10-21 05:00:03,100,2878
2024-10-21 05:10:02,103,2782
2024-10-21 05:10:02,103,2875
2024-10-21 05:10:03,103,2889
2024-10-21 05:20:02,98,2796
2024-10-21 05:20:03,98,2880
2024-10-21 05:20:03,98,2891
2024-10-21 05:30:02,99,2809
2024-10-21 05:30:03,99,2889
2024-10-21 05:30:03,99,2904
2024-10-21 05:40:02,99,2799
2024-10-21 05:40:03,99,2889
2024-10-21 05:40:03,99,2895
2024-10-21 05:50:02,97,2809
2024-10-21 05:50:03,97,2894
2024-10-21 05:50:03,97,2906
2024-10-21 06:00:03,100,2796
2024-10-21 06:00:03,100,2905
2024-10-21 06:00:04,100,2894
2024-10-21 06:10:02,95,2816
2024-10-21 06:10:02,95,2908
2024-10-21 06:10:03,95,2911
2024-10-21 06:20:02,99,2825
2024-10-21 06:20:02,99,2909
2024-10-21 06:20:03,99,2923
2024-10-21 06:30:02,99,2826
2024-10-21 06:30:02,99,2912
2024-10-21 06:30:03,99,2922
2024-10-21 06:40:02,96,2828
2024-10-21 06:40:03,96,2924
2024-10-21 06:40:03,96,2935
2024-10-21 06:50:02,98,2839
2024-10-21 06:50:03,98,2906
2024-10-21 06:50:03,98,2921
2024-10-21 07:00:02,98,2872
2024-10-21 07:00:03,98,2970
2024-10-21 07:00:03,98,2976
2024-10-21 07:10:02,101,1418
2024-10-21 07:10:03,101,1448
2024-10-21 07:10:03,101,1438
2024-10-21 07:20:03,100,1611
2024-10-21 07:20:03,100,1643
2024-10-21 07:20:04,100,1643
2024-10-21 07:30:02,97,1694
2024-10-21 07:30:02,97,1735
2024-10-21 07:30:03,97,1738
2024-10-21 07:40:02,102,1704
2024-10-21 07:40:02,102,1737
2024-10-21 07:40:03,102,1741
2024-10-21 07:50:02,100,1738
2024-10-21 07:50:02,100,1787
2024-10-21 07:50:03,100,1775
2024-10-21 08:00:02,98,1800
2024-10-21 08:00:02,98,1848
2024-10-21 08:00:03,98,1838
2024-10-21 08:10:02,96,1834
2024-10-21 08:10:03,96,1869
2024-10-21 08:10:03,96,1872
2024-10-21 08:20:02,103,1852
2024-10-21 08:20:03,103,1897
2024-10-21 08:20:03,103,1899
2024-10-21 08:30:02,98,1878
2024-10-21 08:30:03,98,1919
2024-10-21 08:30:03,98,1919
2024-10-21 08:40:02,95,1934
2024-10-21 08:40:03,95,1930
2024-10-21 08:40:03,95,1933
2024-10-21 08:50:03,100,1896
2024-10-21 08:50:03,100,1934
2024-10-21 08:50:03,100,1934
2024-10-21 09:00:02,100,1902
2024-10-21 09:00:02,100,1948
2024-10-21 09:00:03,100,1948
2024-10-21 09:10:02,97,1897
2024-10-21 09:10:02,97,1944
2024-10-21 09:10:03,97,1935
2024-10-21 09:20:02,95,1897
2024-10-21 09:20:02,95,1935
2024-10-21 09:20:03,95,1936
2024-10-21 09:30:02,102,1894
2024-10-21 09:30:02,102,1931
2024-10-21 09:30:03,102,1933
2024-10-21 09:40:02,100,1883
2024-10-21 09:40:03,100,1928
2024-10-21 09:40:03,100,1929
2024-10-21 09:50:02,95,1882
2024-10-21 09:50:03,95,1929
2024-10-21 09:50:03,95,1917
2024-10-21 10:00:02,98,1870
2024-10-21 10:00:03,98,1913
2024-10-21 10:00:03,98,1916
2024-10-21 10:10:02,105,1864
2024-10-21 10:10:03,105,1902
2024-10-21 10:10:03,105,1902
2024-10-21 10:20:03,99,1852
2024-10-21 10:20:03,99,1899
2024-10-21 10:20:04,99,1899
2024-10-21 10:30:02,99,1853
2024-10-21 10:30:02,99,1885
2024-10-21 10:30:03,99,1888
2024-10-21 10:40:02,102,1837
2024-10-21 10:40:02,102,1870
2024-10-21 10:40:03,102,1882
2024-10-21 10:50:02,101,1833
2024-10-21 10:50:02,101,1869
2024-10-21 10:50:03,101,1878
2024-10-21 11:00:02,98,1818
2024-10-21 11:00:02,98,1867
2024-10-21 11:00:03,98,1866
2024-10-21 11:10:02,101,1816
2024-10-21 11:10:03,101,1901
2024-10-21 11:10:03,101,1852
2024-10-21 11:20:02,99,1806
2024-10-21 11:20:03,99,1847
2024-10-21 11:20:03,99,1836
2024-10-21 11:30:02,101,1789
2024-10-21 11:30:03,101,1835
2024-10-21 11:30:03,101,1838
2024-10-21 11:40:02,97,1775
2024-10-21 11:40:03,97,1820
2024-10-21 11:40:03,97,1822
2024-10-21 11:50:03,96,1770
2024-10-21 11:50:03,96,1816
2024-10-21 11:50:04,96,1818
2024-10-21 12:00:02,101,1759
2024-10-21 12:00:02,101,1803
2024-10-21 12:00:03,101,1807
2024-10-21 12:10:02,98,1752
2024-10-21 12:10:02,98,1790
2024-10-21 12:10:03,98,1790
2024-10-21 12:20:02,98,1753
2024-10-21 12:20:02,98,1783
2024-10-21 12:20:03,98,1786
2024-10-21 12:30:02,99,1735
2024-10-21 12:30:03,99,1774
2024-10-21 12:30:03,99,1784
2024-10-21 12:40:02,104,1725
2024-10-21 12:40:03,104,1769
2024-10-21 12:40:03,104,1759
2024-10-21 12:50:02,100,1720
2024-10-21 12:50:03,100,1757
2024-10-21 12:50:03,100,1757
2024-10-21 13:00:02,97,1708
2024-10-21 13:00:03,97,1752
2024-10-21 13:00:03,97,1739
2024-10-21 13:10:02,96,1704
2024-10-21 13:10:03,96,1740
2024-10-21 13:10:03,96,1743
2024-10-21 13:20:02,97,1704
2024-10-21 13:20:02,97,1739
2024-10-21 13:20:03,97,1739
2024-10-21 13:30:02,97,1692
2024-10-21 13:30:02,97,1736
2024-10-21 13:30:03,97,1738
2024-10-21 13:40:02,104,1688
2024-10-21 13:40:02,104,1724
2024-10-21 13:40:03,104,1724
2024-10-21 13:50:02,98,1678
2024-10-21 13:50:02,98,1721
2024-10-21 13:50:03,98,1722
2024-10-21 14:00:02,98,1661
2024-10-21 14:00:03,98,1752
2024-10-21 14:00:03,98,1709
2024-10-21 14:10:02,99,1656
2024-10-21 14:10:03,99,1706
2024-10-21 14:10:03,99,1694
2024-10-21 14:20:02,99,1673
2024-10-21 14:20:03,99,1706
2024-10-21 14:20:03,99,1704
2024-10-21 14:30:02,99,1646
2024-10-21 14:30:03,99,1690
2024-10-21 14:30:03,99,1693
2024-10-21 14:40:03,95,1640
2024-10-21 14:40:03,95,1677
2024-10-21 14:40:04,95,1680
2024-10-21 14:50:02,97,1631
2024-10-21 14:50:02,97,1671
2024-10-21 14:50:03,97,1674
2024-10-21 15:00:02,98,1628
2024-10-21 15:00:02,98,1661
2024-10-21 15:00:03,98,1664
2024-10-21 15:10:02,98,1615
2024-10-21 15:10:02,98,1657
2024-10-21 15:10:03,98,1657
2024-10-21 15:20:02,104,1593
2024-10-21 15:20:03,104,1644
2024-10-21 15:20:03,104,1658
2024-10-21 15:30:02,104,1607
2024-10-21 15:30:03,104,1640
2024-10-21 15:30:03,104,1644
2024-10-21 15:40:02,102,1595
2024-10-21 15:40:03,102,1643
2024-10-21 15:40:03,102,1626
2024-10-21 15:50:02,97,1582
2024-10-21 15:50:03,97,1624
2024-10-21 15:50:03,97,1627
2024-10-21 16:00:03,102,1578
2024-10-21 16:00:03,102,1614
2024-10-21 16:00:03,102,1614
2024-10-21 16:10:03,99,1567
2024-10-21 16:10:03,99,1608
2024-10-21 16:10:04,99,1599
2024-10-21 16:20:02,98,1561
2024-10-21 16:20:02,98,1597
2024-10-21 16:20:03,98,1597
2024-10-21 16:30:02,95,1548
2024-10-21 16:30:02,95,1582
2024-10-21 16:30:03,95,1583
2024-10-21 16:40:02,103,1534
2024-10-21 16:40:02,103,1576
2024-10-21 16:40:03,103,1578
2024-10-21 16:50:02,96,1530
2024-10-21 16:50:03,96,1565
2024-10-21 16:50:03,96,1578
2024-10-21 17:00:02,99,1518
2024-10-21 17:00:03,99,1560
2024-10-21 17:00:03,99,1562
2024-10-21 17:10:02,100,1513
2024-10-21 17:10:03,100,1549
2024-10-21 17:10:03,100,1550
2024-10-21 17:20:02,102,1503
2024-10-21 17:20:03,102,1545
2024-10-21 17:20:03,102,1546
2024-10-21 17:30:03,99,1497
2024-10-21 17:30:03,99,1531
2024-10-21 17:30:04,99,1528
2024-10-21 17:40:02,99,1486
2024-10-21 17:40:02,99,1528
2024-10-21 17:40:03,99,1529
2024-10-21 17:50:02,96,1482
2024-10-21 17:50:02,96,1516
2024-10-21 17:50:03,96,1516
2024-10-21 18:00:02,98,1480
2024-10-21 18:00:02,98,1513
2024-10-21 18:00:03,98,1513
2024-10-21 18:10:02,98,1471
2024-10-21 18:10:03,98,1502
2024-10-21 18:10:03,98,1512
2024-10-21 18:20:02,100,1466
2024-10-21 18:20:03,100,1497
2024-10-21 18:20:03,100,1498
2024-10-21 18:30:02,97,1465
2024-10-21 18:30:03,97,1497
2024-10-21 18:30:03,97,1503
2024-10-21 18:40:02,99,1452
2024-10-21 18:40:03,99,1486
2024-10-21 18:40:03,99,1487
2024-10-21 18:50:02,100,1450
2024-10-21 18:50:03,100,1483
2024-10-21 18:50:03,100,1469
2024-10-21 19:00:03,101,1439
2024-10-21 19:00:03,101,1421
2024-10-21 19:00:04,101,1422
2024-10-21 19:10:02,98,2135
2024-10-21 19:10:02,98,2200
2024-10-21 19:10:03,98,2202
2024-10-21 19:20:02,99,2360
2024-10-21 19:20:02,99,2429
2024-10-21 19:20:03,99,2440
2024-10-21 19:30:02,99,2508
2024-10-21 19:30:02,99,2589
2024-10-21 19:30:03,99,2591
2024-10-21 19:40:02,101,2589
2024-10-21 19:40:03,101,2669
2024-10-21 19:40:03,101,2671
2024-10-21 19:50:02,100,2633
2024-10-21 19:50:03,100,2713
2024-10-21 19:50:03,100,2715
2024-10-21 20:00:02,101,2652
2024-10-21 20:00:03,101,2732
2024-10-21 20:00:03,101,2744
2024-10-21 20:10:02,101,2679
2024-10-21 20:10:03,101,2751
2024-10-21 20:10:03,101,2763
2024-10-21 20:20:03,98,2687
2024-10-21 20:20:03,98,2767
2024-10-21 20:20:04,98,2778
2024-10-21 20:30:02,100,2716
2024-10-21 20:30:02,100,2793
2024-10-21 20:30:03,100,2793
2024-10-21 20:40:02,98,2719
2024-10-21 20:40:02,98,2798
2024-10-21 20:40:03,98,2807
2024-10-21 20:50:02,99,2731
2024-10-21 20:50:02,99,2810
2024-10-21 20:50:03,99,2812
2024-10-21 21:00:02,97,2745
2024-10-21 21:00:02,97,2824
2024-10-21 21:00:03,97,2826
2024-10-21 21:10:02,102,2750
2024-10-21 21:10:03,102,2829
2024-10-21 21:10:03,102,2829
2024-10-21 21:20:02,98,2761
2024-10-21 21:20:03,98,2839
2024-10-21 21:20:03,98,2841
2024-10-21 21:30:02,98,2767
2024-10-21 21:30:03,98,2845
2024-10-21 21:30:03,98,2846
2024-10-21 21:40:02,95,2776
2024-10-21 21:40:03,95,2856
2024-10-21 21:40:03,95,2857
2024-10-21 21:50:03,103,2777
2024-10-21 21:50:03,103,2856
2024-10-21 21:50:04,103,2862
2024-10-21 22:00:02,102,2779
2024-10-21 22:00:02,102,2860
2024-10-21 22:00:03,102,2860
2024-10-21 22:10:02,97,2780
2024-10-21 22:10:02,97,2858
2024-10-21 22:10:03,97,2861
2024-10-21 22:20:02,98,2777
2024-10-21 22:20:02,98,2856
2024-10-21 22:20:03,98,2860
2024-10-21 22:30:02,100,2776
2024-10-21 22:30:03,100,2855
2024-10-21 22:30:03,100,2847
2024-10-21 22:40:02,97,2764
2024-10-21 22:40:03,97,2872
2024-10-21 22:40:03,97,2859
2024-10-21 22:50:02,97,2777
2024-10-21 22:50:03,97,2856
2024-10-21 22:50:03,97,2840
2024-10-21 23:00:02,100,2766
2024-10-21 23:00:03,100,2847
2024-10-21 23:00:03,100,2855
2024-10-21 23:10:02,96,2776
2024-10-21 23:10:03,96,2843
2024-10-21 23:10:03,96,2846
2024-10-21 23:20:02,97,2747
2024-10-21 23:20:02,97,2842
2024-10-21 23:20:03,97,2844
2024-10-21 23:30:02,96,2761
2024-10-21 23:30:02,96,2840
2024-10-21 23:30:03,96,2842
2024-10-21 23:40:02,98,2750
2024-10-21 23:40:02,98,2830
2024-10-21 23:40:03,98,2839
2024-10-21 23:50:02,95,2751
2024-10-21 23:50:02,95,2840
2024-10-21 23:50:03,95,2827
2024-10-22 00:00:02,97,2747
2024-10-22 00:00:03,97,2828
2024-10-22 00:00:03,97,2830
2024-10-22 00:10:02,96,2759
2024-10-22 00:10:03,96,2825
2024-10-22 00:10:03,96,2825
2024-10-22 00:20:02,96,2747
2024-10-22 00:20:03,96,2826
2024-10-22 00:20:03,96,2826
2024-10-22 00:30:02,97,2744
2024-10-22 00:30:03,97,2825
2024-10-22 00:30:03,97,2826
2024-10-22 00:40:03,95,2745
2024-10-22 00:40:03,95,2824
2024-10-22 00:40:04,95,2827
2024-10-22 00:50:02,93,2744
2024-10-22 00:50:02,93,2839
2024-10-22 00:50:03,93,2823
2024-10-22 01:00:02,100,2744
2024-10-22 01:00:02,100,2824
2024-10-22 01:00:03,100,2827
2024-10-22 01:10:02,97,2733
2024-10-22 01:10:02,97,2829
2024-10-22 01:10:03,97,2830
2024-10-22 01:20:02,93,2748
2024-10-22 01:20:03,93,2828
2024-10-22 01:20:03,93,2830
2024-10-22 01:30:02,93,2745
2024-10-22 01:30:03,93,2827
2024-10-22 01:30:03,93,2824
2024-10-22 01:40:02,97,2748
2024-10-22 01:40:03,97,2825
2024-10-22 01:40:03,97,2830
2024-10-22 01:50:02,95,2748
2024-10-22 01:50:03,95,2827
2024-10-22 01:50:03,95,2831
2024-10-22 02:00:02,93,2760
2024-10-22 02:00:03,93,2829
2024-10-22 02:00:03,93,2840
2024-10-22 02:10:03,94,2748
2024-10-22 02:10:03,94,2824
2024-10-22 02:10:04,94,2830
2024-10-22 02:20:02,97,2750
2024-10-22 02:20:02,97,2831
2024-10-22 02:20:03,97,2840
2024-10-22 02:30:02,94,2748
2024-10-22 02:30:02,94,2830
2024-10-22 02:30:03,94,2840
2024-10-22 02:40:02,94,2749
2024-10-22 02:40:02,94,2831
2024-10-22 02:40:03,94,2831
2024-10-22 02:50:02,98,2750
2024-10-22 02:50:03,98,2831
2024-10-22 02:50:03,98,2840
2024-10-22 03:00:02,99,2750
2024-10-22 03:00:03,99,2844
2024-10-22 03:00:03,99,2845
2024-10-22 03:10:02,98,2750
2024-10-22 03:10:03,98,2842
2024-10-22 03:10:03,98,2843
2024-10-22 03:20:02,95,2750
2024-10-22 03:20:03,95,2840
2024-10-22 03:20:03,95,2841
2024-10-22 03:30:03,96,2749
2024-10-22 03:30:03,96,2830
2024-10-22 03:30:03,96,2840
2024-10-22 03:40:02,96,2749
2024-10-22 03:40:02,96,2832
2024-10-22 03:40:03,96,2841
2024-10-22 03:50:02,93,2752
2024-10-22 03:50:02,93,2840
2024-10-22 03:50:03,93,2842
2024-10-22 04:00:02,95,2762
2024-10-22 04:00:02,95,2840
2024-10-22 04:00:03,95,2841
2024-10-22 04:10:02,96,2760
2024-10-22 04:10:02,96,2842
2024-10-22 04:10:03,96,2843
2024-10-22 04:20:02,95,2762
2024-10-22 04:20:03,95,2842
2024-10-22 04:20:03,95,2830
2024-10-22 04:30:02,93,2764
2024-10-22 04:30:03,93,2844
2024-10-22 04:30:03,93,2844
2024-10-22 04:40:02,96,2761
2024-10-22 04:40:03,96,2840
2024-10-22 04:40:03,96,2847
2024-10-22 04:50:02,97,2762
2024-10-22 04:50:03,97,2846
2024-10-22 04:50:03,97,2856
2024-10-22 05:00:02,93,2763
2024-10-22 05:00:03,93,2846
2024-10-22 05:00:03,93,2856
2024-10-22 05:10:03,93,2766
2024-10-22 05:10:03,93,2847
2024-10-22 05:10:04,93,2858
2024-10-22 05:20:02,97,2766
2024-10-22 05:20:02,97,2854
2024-10-22 05:20:03,97,2847
2024-10-22 05:30:02,97,2775
2024-10-22 05:30:02,97,2858
2024-10-22 05:30:03,97,2861
2024-10-22 05:40:02,96,2776
2024-10-22 05:40:02,96,2845
2024-10-22 05:40:03,96,2862
2024-10-22 05:50:02,99,2781
2024-10-22 05:50:03,99,2862
2024-10-22 05:50:03,99,2873
2024-10-22 06:00:02,92,2782
2024-10-22 06:00:03,92,2863
2024-10-22 06:00:03,92,2876
2024-10-22 06:10:02,96,2780
2024-10-22 06:10:03,96,2863
2024-10-22 06:10:03,96,2874
2024-10-22 06:20:02,96,2780
2024-10-22 06:20:03,96,2872
2024-10-22 06:20:03,96,2858
2024-10-22 06:30:03,96,2792
2024-10-22 06:30:03,96,2874
2024-10-22 06:30:03,96,2878
2024-10-22 06:40:03,98,2791
2024-10-22 06:40:03,98,2857
2024-10-22 06:40:04,98,2880
2024-10-22 06:50:02,96,2794
2024-10-22 06:50:02,96,2877
2024-10-22 06:50:03,96,2888
2024-10-22 07:00:02,100,2796
2024-10-22 07:00:02,100,2909
2024-10-22 07:00:03,100,2911
2024-10-22 07:10:02,98,1386
2024-10-22 07:10:02,98,1390
2024-10-22 07:10:03,98,1417
2024-10-22 07:20:02,96,1576
2024-10-22 07:20:03,96,1608
2024-10-22 07:20:03,96,1611
2024-10-22 07:30:02,97,1671
2024-10-22 07:30:03,97,1708
2024-10-22 07:30:03,97,1707
2024-10-22 07:40:02,94,1678
2024-10-22 07:40:03,94,1721
2024-10-22 07:40:03,94,1721
2024-10-22 07:50:02,95,1722
2024-10-22 07:50:03,95,1755
2024-10-22 07:50:03,95,1758
2024-10-22 08:00:03,98,1760
2024-10-22 08:00:03,98,1815
2024-10-22 08:00:04,98,1816
2024-10-22 08:10:02,96,1800
2024-10-22 08:10:02,96,1838
2024-10-22 08:10:03,96,1837
2024-10-22 08:20:02,96,1820
2024-10-22 08:20:02,96,1864
2024-10-22 08:20:03,96,1864
2024-10-22 08:30:02,95,1834
2024-10-22 08:30:02,95,1880
2024-10-22 08:30:03,95,1881
2024-10-22 08:40:02,95,1851
2024-10-22 08:40:03,95,1887
2024-10-22 08:40:03,95,1881
2024-10-22 08:50:02,97,1850
2024-10-22 08:50:03,97,1901
2024-10-22 08:50:03,97,1897
2024-10-22 09:00:02,96,1853
2024-10-22 09:00:03,96,1897
2024-10-22 09:00:03,96,1899
2024-10-22 09:10:02,96,1863
2024-10-22 09:10:03,96,1855
2024-10-22 09:10:03,96,1899
2024-10-22 09:20:03,99,1864
2024-10-22 09:20:03,99,1900
2024-10-22 09:20:04,99,1904
2024-10-22 09:30:02,96,1864
2024-10-22 09:30:02,96,1903
2024-10-22 09:30:03,96,1912
2024-10-22 09:40:02,97,1865
2024-10-22 09:40:02,97,1903
2024-10-22 09:40:03,97,1914
2024-10-22 09:50:02,100,1865
2024-10-22 09:50:02,100,1902
2024-10-22 09:50:03,100,1903
2024-10-22 10:00:02,98,1868
2024-10-22 10:00:02,98,1898
2024-10-22 10:00:03,98,1901
2024-10-22 10:10:02,97,1850
2024-10-22 10:10:03,97,1898
2024-10-22 10:10:03,97,1898
2024-10-22 10:20:02,98,1849
2024-10-22 10:20:03,98,1886
2024-10-22 10:20:03,98,1896
2024-10-22 10:30:02,94,1838
2024-10-22 10:30:03,94,1884
2024-10-22 10:30:03,94,1884
2024-10-22 10:40:03,97,1820
2024-10-22 10:40:03,97,1870
2024-10-22 10:40:03,97,1882
2024-10-22 10:50:03,95,1818
2024-10-22 10:50:03,95,1864
2024-10-22 10:50:04,95,1849
2024-10-22 11:00:02,95,1816
2024-10-22 11:00:02,95,1853
2024-10-22 11:00:03,95,1863
2024-10-22 11:10:02,94,1802
2024-10-22 11:10:02,94,1837
2024-10-22 11:10:03,94,1848
2024-10-22 11:20:02,97,1800
2024-10-22 11:20:02,97,1817
2024-10-22 11:20:03,97,1837
2024-10-22 11:30:02,97,1773
2024-10-22 11:30:03,97,1818
2024-10-22 11:30:03,97,1820
2024-10-22 11:40:02,94,1767
2024-10-22 11:40:03,94,1803
2024-10-22 11:40:03,94,1805
2024-10-22 11:50:02,96,1755
2024-10-22 11:50:03,96,1801
2024-10-22 11:50:03,96,1802
2024-10-22 12:00:02,98,1742
2024-10-22 12:00:03,98,1784
2024-10-22 12:00:03,98,1789
2024-10-22 12:10:02,98,1738
2024-10-22 12:10:03,98,1774
2024-10-22 12:10:03,98,1783
2024-10-22 12:20:02,98,1723
2024-10-22 12:20:02,98,1768
2024-10-22 12:20:03,98,1771
2024-10-22 12:30:02,93,1707
2024-10-22 12:30:02,93,1754
2024-10-22 12:30:03,93,1754
2024-10-22 12:40:02,97,1688
2024-10-22 12:40:02,97,1754
2024-10-22 12:40:03,97,1739
2024-10-22 12:50:02,94,1691
2024-10-22 12:50:02,94,1741
2024-10-22 12:50:03,94,1737
2024-10-22 13:00:02,94,1686
2024-10-22 13:00:03,94,1720
2024-10-22 13:00:03,94,1723
2024-10-22 13:10:02,95,1673
2024-10-22 13:10:03,95,1709
2024-10-22 13:10:03,95,1710
2024-10-22 13:20:02,101,1662
2024-10-22 13:20:03,101,1704
2024-10-22 13:20:03,101,1706
2024-10-22 13:30:02,97,1657
2024-10-22 13:30:03,97,1693
2024-10-22 13:30:03,97,1704
2024-10-22 13:40:03,97,1646
2024-10-22 13:40:03,97,1688
2024-10-22 13:40:04,97,1690
2024-10-22 13:50:02,96,1644
2024-10-22 13:50:02,96,1675
2024-10-22 13:50:03,96,1678
2024-10-22 14:00:02,93,1632
2024-10-22 14:00:02,93,1675
2024-10-22 14:00:03,93,1678
2024-10-22 14:10:02,94,1629
2024-10-22 14:10:02,94,1673
2024-10-22 14:10:03,94,1674
2024-10-22 14:20:02,93,1626
2024-10-22 14:20:02,93,1663
2024-10-22 14:20:03,93,1663
2024-10-22 14:30:02,95,1613
2024-10-22 14:30:03,95,1656
2024-10-22 14:30:03,95,1657
2024-10-22 14:40:02,92,1608
2024-10-22 14:40:03,92,1644
2024-10-22 14:40:03,92,1659
2024-10-22 14:50:02,95,1608
2024-10-22 14:50:03,95,1640
2024-10-22 14:50:03,95,1643
2024-10-22 15:00:02,101,1577
2024-10-22 15:00:03,101,1611
2024-10-22 15:00:03,101,1630
2024-10-22 15:10:02,94,1583
2024-10-22 15:10:03,94,1595
2024-10-22 15:10:03,94,1625
2024-10-22 15:20:02,98,1593
2024-10-22 15:20:02,98,1615
2024-10-22 15:20:03,98,1610
2024-10-22 15:30:02,97,1574
2024-10-22 15:30:02,97,1609
2024-10-22 15:30:03,97,1610
2024-10-22 15:40:02,100,1562
2024-10-22 15:40:02,100,1597
2024-10-22 15:40:03,100,1598
2024-10-22 15:50:02,97,1548
2024-10-22 15:50:02,97,1584
2024-10-22 15:50:03,97,1597
2024-10-22 16:00:02,98,1545
2024-10-22 16:00:03,98,1579
2024-10-22 16:00:03,98,1565
2024-10-22 16:10:02,96,1534
2024-10-22 16:10:03,96,1567
2024-10-22 16:10:03,96,1578
2024-10-22 16:20:02,94,1528
2024-10-22 16:20:03,94,1562
2024-10-22 16:20:03,94,1565
2024-10-22 16:30:02,98,1515
2024-10-22 16:30:03,98,1551
2024-10-22 16:30:03,98,1560
2024-10-22 16:40:02,96,1503
2024-10-22 16:40:03,96,1544
2024-10-22 16:40:03,96,1545
2024-10-22 16:50:03,95,1500
2024-10-22 16:50:03,95,1544
2024-10-22 16:50:04,95,1530
2024-10-22 17:00:02,97,1468
2024-10-22 17:00:02,97,1517
2024-10-22 17:00:03,97,1527
2024-10-22 17:10:02,94,1482
2024-10-22 17:10:02,94,1516
2024-10-22 17:10:03,94,1501
2024-10-22 17:20:02,96,1471
2024-10-22 17:20:02,96,1518
2024-10-22 17:20:03,96,1513
2024-10-22 17:30:02,97,1467
2024-10-22 17:30:02,97,1500
2024-10-22 17:30:03,97,1501
2024-10-22 17:40:02,96,1464
2024-10-22 17:40:03,96,1496
2024-10-22 17:40:03,96,1497
2024-10-22 17:50:02,97,1454
2024-10-22 17:50:03,97,1485
2024-10-22 17:50:03,97,1486
2024-10-22 18:00:02,98,1452
2024-10-22 18:00:03,98,1486
2024-10-22 18:00:03,98,1471
2024-10-22 18:10:02,100,1439
2024-10-22 18:10:03,100,1479
2024-10-22 18:10:03,100,1480
2024-10-22 18:20:03,100,1437
2024-10-22 18:20:03,100,1468
2024-10-22 18:20:04,100,1467
2024-10-22 18:30:02,97,1431
2024-10-22 18:30:02,97,1464
2024-10-22 18:30:03,97,1464
2024-10-22 18:40:02,99,1421
2024-10-22 18:40:02,99,1454
2024-10-22 18:40:03,99,1453
2024-10-22 18:50:02,96,1419
2024-10-22 18:50:02,96,1451
2024-10-22 18:50:03,96,1451
2024-10-22 19:00:02,97,1417
2024-10-22 19:00:02,97,1448
2024-10-22 19:00:03,97,1403
2024-10-22 19:10:02,100,2089
2024-10-22 19:10:03,100,2153
2024-10-22 19:10:03,100,2155
2024-10-22 19:20:02,99,2299
2024-10-22 19:20:03,99,2376
2024-10-22 19:20:03,99,2366
2024-10-22 19:30:02,94,2456
2024-10-22 19:30:03,94,2527
2024-10-22 19:30:03,94,2521
2024-10-22 19:40:02,98,2539
2024-10-22 19:40:03,98,2619
2024-10-22 19:40:03,98,2622
2024-10-22 19:50:03,98,2585
2024-10-22 19:50:03,98,2664
2024-10-22 19:50:04,98,2653
2024-10-22 20:00:02,97,2607
2024-10-22 20:00:02,97,2694
2024-10-22 20:00:03,97,2698
2024-10-22 20:10:02,100,2631
2024-10-22 20:10:02,100,2711
2024-10-22 20:10:03,100,2715
2024-10-22 20:20:02,95,2649
2024-10-22 20:20:02,95,2726
2024-10-22 20:20:03,95,2730
2024-10-22 20:30:02,98,2655
2024-10-22 20:30:03,98,2731
2024-10-22 20:30:03,98,2733
2024-10-22 20:40:02,97,2671
2024-10-22 20:40:03,97,2749
2024-10-22 20:40:03,97,2759
2024-10-22 20:50:02,95,2684
2024-10-22 20:50:03,95,2763
2024-10-22 20:50:03,95,2765
2024-10-22 21:00:02,100,2688
2024-10-22 21:00:03,100,2766
2024-10-22 21:00:03,100,2777
2024-10-22 21:10:03,97,2698
2024-10-22 21:10:03,97,2777
2024-10-22 21:10:03,97,2780
2024-10-22 21:20:02,99,2702
2024-10-22 21:20:02,99,2781
2024-10-22 21:20:03,99,2760
2024-10-22 21:30:02,99,2701
2024-10-22 21:30:02,99,2792
2024-10-22 21:30:03,99,2796
2024-10-22 21:40:02,95,2728
2024-10-22 21:40:02,95,2810
2024-10-22 21:40:03,95,2809
2024-10-22 21:50:02,95,2733
2024-10-22 21:50:02,95,2810
2024-10-22 21:50:03,95,2810
2024-10-22 22:00:02,95,2735
2024-10-22 22:00:03,95,2824
2024-10-22 22:00:03,95,2797
2024-10-22 22:10:02,98,2744
2024-10-22 22:10:03,98,2823
2024-10-22 22:10:03,98,2825
2024-10-22 22:20:02,94,2745
2024-10-22 22:20:03,94,2826
2024-10-22 22:20:03,94,2826
2024-10-22 22:30:03,98,2745
2024-10-22 22:30:03,98,2824
2024-10-22 22:30:03,98,2826
2024-10-22 22:40:03,97,2747
2024-10-22 22:40:03,97,2812
2024-10-22 22:40:04,97,2827
2024-10-22 22:50:02,97,2745
2024-10-22 22:50:02,97,2824
2024-10-22 22:50:03,97,2826
2024-10-22 23:00:02,99,2744
2024-10-22 23:00:02,99,2823
2024-10-22 23:00:03,99,2826
2024-10-22 23:10:02,98,2747
2024-10-22 23:10:02,98,2823
2024-10-22 23:10:03,98,2824
2024-10-22 23:20:02,97,2743
2024-10-22 23:20:03,97,2824
2024-10-22 23:20:03,97,2825
2024-10-22 23:30:02,98,2745
2024-10-22 23:30:03,98,2827
2024-10-22 23:30:03,98,2827
2024-10-22 23:40:02,96,2747
2024-10-22 23:40:03,96,2824
2024-10-22 23:40:03,96,2825
2024-10-22 23:50:02,95,2748
2024-10-22 23:50:03,95,2815
2024-10-22 23:50:03,95,2829
2024-10-23 00:00:03,97,2718
2024-10-23 00:00:03,97,2812
2024-10-23 00:00:03,97,2824
2024-10-23 00:10:02,100,2735
2024-10-23 00:10:02,100,2814
2024-10-23 00:10:03,100,2824
2024-10-23 00:20:02,98,2733
2024-10-23 00:20:02,98,2812
2024-10-23 00:20:03,98,2815
2024-10-23 00:30:02,98,2732
2024-10-23 00:30:02,98,2812
2024-10-23 00:30:03,98,2814
2024-10-23 00:40:02,95,2733
2024-10-23 00:40:02,95,2812
2024-10-23 00:40:03,95,2814
2024-10-23 00:50:02,96,2733
2024-10-23 00:50:03,96,2814
2024-10-23 00:50:03,96,2824
2024-10-23 01:00:02,91,2731
2024-10-23 01:00:03,91,2812
2024-10-23 01:00:03,91,2814
2024-10-23 01:10:02,93,2732
2024-10-23 01:10:03,93,2845
2024-10-23 01:10:03,93,2814
2024-10-23 01:20:02,93,2715
2024-10-23 01:20:03,93,2797
2024-10-23 01:20:03,93,2809
2024-10-23 01:30:03,97,2731
2024-10-23 01:30:03,97,2812
2024-10-23 01:30:03,97,2813
2024-10-23 01:40:03,95,2730
2024-10-23 01:40:03,95,2810
2024-10-23 01:40:04,95,2813
2024-10-23 01:50:02,95,2731
2024-10-23 01:50:02,95,2812
2024-10-23 01:50:03,95,2815
2024-10-23 02:00:02,97,2732
2024-10-23 02:00:02,97,2813
2024-10-23 02:00:03,97,2814
2024-10-23 02:10:02,98,2730
2024-10-23 02:10:02,98,2810
2024-10-23 02:10:03,98,2811
2024-10-23 02:20:02,95,2733
2024-10-23 02:20:03,95,2812
2024-10-23 02:20:03,95,2814
2024-10-23 02:30:02,100,2731
2024-10-23 02:30:03,100,2812
2024-10-23 02:30:03,100,2824
2024-10-23 02:40:02,98,2719
2024-10-23 02:40:03,98,2767
2024-10-23 02:40:03,98,2824
2024-10-23 02:50:02,96,2731
2024-10-23 02:50:03,96,2812
2024-10-23 02:50:03,96,2814
2024-10-23 03:00:03,97,2731
2024-10-23 03:00:03,97,2811
2024-10-23 03:00:03,97,2816
2024-10-23 03:10:02,96,2731
2024-10-23 03:10:02,96,2813
2024-10-23 03:10:03,96,2814
2024-10-23 03:20:02,98,2744
2024-10-23 03:20:02,98,2825
2024-10-23 03:20:03,98,2813
2024-10-23 03:30:02,100,2735
2024-10-23 03:30:02,100,2813
2024-10-23 03:30:03,100,2824
2024-10-23 03:40:02,96,2697
2024-10-23 03:40:02,96,2862
2024-10-23 03:40:03,96,2826
2024-10-23 03:50:02,95,2732
2024-10-23 03:50:03,95,2814
2024-10-23 03:50:03,95,2826
2024-10-23 04:00:02,98,2733
2024-10-23 04:00:03,98,2813
2024-10-23 04:00:03,98,2812
2024-10-23 04:10:02,102,2734
2024-10-23 04:10:03,102,2815
2024-10-23 04:10:03,102,2824
2024-10-23 04:20:03,96,2747
2024-10-23 04:20:03,96,2814
2024-10-23 04:20:03,96,2826
2024-10-23 04:30:03,93,2734
2024-10-23 04:30:03,93,2815
2024-10-23 04:30:04,93,2827
2024-10-23 04:40:02,98,2743
2024-10-23 04:40:02,98,2781
2024-10-23 04:40:03,98,2838
2024-10-23 04:50:02,94,2743
2024-10-23 04:50:02,94,2824
2024-10-23 04:50:03,94,2827
2024-10-23 05:00:02,95,2716
2024-10-23 05:00:02,95,2815
2024-10-23 05:00:03,95,2828
2024-10-23 05:10:02,96,2730
2024-10-23 05:10:03,96,2826
2024-10-23 05:10:03,96,2829
2024-10-23 05:20:02,98,2743
2024-10-23 05:20:03,98,2825
2024-10-23 05:20:03,98,2828
2024-10-23 05:30:02,100,2744
2024-10-23 05:30:03,100,2825
2024-10-23 05:30:03,100,2830
2024-10-23 05:40:02,96,2744
2024-10-23 05:40:03,96,2825
2024-10-23 05:40:03,96,2829
2024-10-23 05:50:03,99,2744
2024-10-23 05:50:03,99,2825
2024-10-23 05:50:04,99,2830
2024-10-23 06:00:02,93,2744
2024-10-23 06:00:02,93,2826
2024-10-23 06:00:03,93,2831
2024-10-23 06:10:02,97,2744
2024-10-23 06:10:02,97,2827
2024-10-23 06:10:03,97,2839
2024-10-23 06:20:02,94,2745
2024-10-23 06:20:02,94,2827
2024-10-23 06:20:03,94,2824
2024-10-23 06:30:02,97,2745
2024-10-23 06:30:03,97,2828
2024-10-23 06:30:03,97,2840
2024-10-23 06:40:02,96,2747
2024-10-23 06:40:03,96,2828
2024-10-23 06:40:03,96,2878
2024-10-23 06:50:02,94,2731
2024-10-23 06:50:03,94,2830
2024-10-23 06:50:03,94,2838
2024-10-23 07:00:02,97,2760
2024-10-23 07:00:03,97,2862
2024-10-23 07:00:03,97,2878
2024-10-23 07:10:02,95,1324
2024-10-23 07:10:03,95,1354
2024-10-23 07:10:03,95,1353
2024-10-23 07:20:03,96,1484
2024-10-23 07:20:03,96,1514
2024-10-23 07:20:04,96,1514
2024-10-23 07:30:02,96,1578
2024-10-23 07:30:02,96,1610
2024-10-23 07:30:03,96,1625
2024-10-23 07:40:02,98,1595
2024-10-23 07:40:02,98,1628
2024-10-23 07:40:03,98,1626
2024-10-23 07:50:02,98,1611
2024-10-23 07:50:02,98,1646
2024-10-23 07:50:03,98,1645
2024-10-23 08:00:02,98,1631
2024-10-23 08:00:03,98,1674
2024-10-23 08:00:03,98,1672
2024-10-23 08:10:02,100,1672
2024-10-23 08:10:03,100,1709
2024-10-23 08:10:03,100,1709
2024-10-23 08:20:02,95,1704
2024-10-23 08:20:03,95,1740
2024-10-23 08:20:03,95,1741
2024-10-23 08:30:02,97,1704
2024-10-23 08:30:03,97,1755
2024-10-23 08:30:03,97,1757
2024-10-23 08:40:03,97,1726
2024-10-23 08:40:03,97,1768
2024-10-23 08:40:03,97,1770
2024-10-23 08:50:03,99,1740
2024-10-23 08:50:03,99,1775
2024-10-23 08:50:04,99,1775
2024-10-23 09:00:02,94,1742
2024-10-23 09:00:02,94,1775
2024-10-23 09:00:03,94,1784
2024-10-23 09:10:02,94,1742
2024-10-23 09:10:02,94,1785
2024-10-23 09:10:03,94,1786
2024-10-23 09:20:02,98,1724
2024-10-23 09:20:02,98,1787
2024-10-23 09:20:03,98,1785
2024-10-23 09:30:02,94,1740
2024-10-23 09:30:03,94,1784
2024-10-23 09:30:03,94,1785
2024-10-23 09:40:02,98,1739
2024-10-23 09:40:03,98,1785
2024-10-23 09:40:03,98,1783
2024-10-23 09:50:02,97,1736
2024-10-23 09:50:03,97,1771
2024-10-23 09:50:03,97,1771
2024-10-23 10:00:02,97,1726
2024-10-23 10:00:03,97,1771
2024-10-23 10:00:03,97,1750
2024-10-23 10:10:03,98,1720
2024-10-23 10:10:03,98,1756
2024-10-23 10:10:03,98,1758
2024-10-23 10:20:02,95,1711
2024-10-23 10:20:02,95,1755
2024-10-23 10:20:03,95,1758
2024-10-23 10:30:02,94,1706
2024-10-23 10:30:02,94,1742
2024-10-23 10:30:03,94,1758
2024-10-23 10:40:02,98,1693
2024-10-23 10:40:02,98,1738
2024-10-23 10:40:03,98,1742
2024-10-23 10:50:02,96,1691
2024-10-23 10:50:02,96,1725
2024-10-23 10:50:03,96,1727
2024-10-23 11:00:02,96,1680
2024-10-23 11:00:03,96,1724
2024-10-23 11:00:03,96,1722
2024-10-23 11:10:02,98,1673
2024-10-23 11:10:03,98,1710
2024-10-23 11:10:03,98,1710
2024-10-23 11:20:02,101,1662
2024-10-23 11:20:03,101,1705
2024-10-23 11:20:03,101,1708
2024-10-23 11:30:02,97,1658
2024-10-23 11:30:03,97,1694
2024-10-23 11:30:03,97,1703
2024-10-23 11:40:03,94,1655
2024-10-23 11:40:03,94,1690
2024-10-23 11:40:03,94,1690
2024-10-23 11:50:02,94,1644
2024-10-23 11:50:02,94,1677
2024-10-23 11:50:03,94,1678
2024-10-23 12:00:02,91,1639
2024-10-23 12:00:02,91,1672
2024-10-23 12:00:03,91,1675
2024-10-23 12:10:02,97,1614
2024-10-23 12:10:02,97,1641
2024-10-23 12:10:03,97,1661
2024-10-23 12:20:02,94,1607
2024-10-23 12:20:02,94,1655
2024-10-23 12:20:03,94,1657
2024-10-23 12:30:02,99,1613
2024-10-23 12:30:03,99,1647
2024-10-23 12:30:03,99,1656
2024-10-23 12:40:02,98,1608
2024-10-23 12:40:03,98,1642
2024-10-23 12:40:03,98,1643
2024-10-23 12:50:02,97,1596
2024-10-23 12:50:03,97,1640
2024-10-23 12:50:03,97,1641
2024-10-23 13:00:02,96,1596
2024-10-23 13:00:03,96,1631
2024-10-23 13:00:03,96,1640
2024-10-23 13:10:02,98,1596
2024-10-23 13:10:03,98,1631
2024-10-23 13:10:03,98,1638
2024-10-23 13:20:03,99,1592
2024-10-23 13:20:03,99,1629
2024-10-23 13:20:04,99,1640
2024-10-23 13:30:02,98,1628
2024-10-23 13:30:02,98,1610
2024-10-23 13:30:03,98,1630
2024-10-23 13:40:02,97,1582
2024-10-23 13:40:02,97,1613
2024-10-23 13:40:03,97,1626
2024-10-23 13:50:02,99,1580
2024-10-23 13:50:02,99,1614
2024-10-23 13:50:03,99,1623
2024-10-23 14:00:02,99,1566
2024-10-23 14:00:02,99,1608
2024-10-23 14:00:03,99,1610
2024-10-23 14:10:02,95,1561
2024-10-23 14:10:03,95,1597
2024-10-23 14:10:03,95,1606
2024-10-23 14:20:02,97,1560
2024-10-23 14:20:03,97,1581
2024-10-23 14:20:03,97,1595
2024-10-23 14:30:02,94,1550
2024-10-23 14:30:03,94,1592
2024-10-23 14:30:03,94,1593
2024-10-23 14:40:03,99,1546
2024-10-23 14:40:03,99,1578
2024-10-23 14:40:03,99,1580
2024-10-23 14:50:03,99,1533
2024-10-23 14:50:03,99,1582
2024-10-23 14:50:04,99,1582
2024-10-23 15:00:02,95,1530
2024-10-23 15:00:02,95,1566
2024-10-23 15:00:03,95,1575
2024-10-23 15:10:02,99,1531
2024-10-23 15:10:02,99,1562
2024-10-23 15:10:03,99,1564
2024-10-23 15:20:02,99,1517
2024-10-23 15:20:02,99,1550
2024-10-23 15:20:03,99,1558
2024-10-23 15:30:02,98,1512
2024-10-23 15:30:03,98,1548
2024-10-23 15:30:03,98,1549
2024-10-23 15:40:02,97,1501
2024-10-23 15:40:03,97,1535
2024-10-23 15:40:03,97,1535
2024-10-23 15:50:02,99,1496
2024-10-23 15:50:03,99,1530
2024-10-23 15:50:03,99,1533
2024-10-23 16:00:02,96,1487
2024-10-23 16:00:03,96,1527
2024-10-23 16:00:03,96,1528
2024-10-23 16:10:02,99,1481
2024-10-23 16:10:03,99,1512
2024-10-23 16:10:03,99,1515
2024-10-23 16:20:02,94,1470
2024-10-23 16:20:02,94,1503
2024-10-23 16:20:03,94,1504
2024-10-23 16:30:02,101,1465
2024-10-23 16:30:02,101,1499
2024-10-23 16:30:03,101,1499
2024-10-23 16:40:02,100,1454
2024-10-23 16:40:02,100,1487
2024-10-23 16:40:03,100,1486
2024-10-23 16:50:02,103,1448
2024-10-23 16:50:02,103,1481
2024-10-23 16:50:03,103,1481
2024-10-23 17:00:02,101,1437
2024-10-23 17:00:03,101,1471
2024-10-23 17:00:03,101,1470
2024-10-23 17:10:02,100,1420
2024-10-23 17:10:03,100,1513
2024-10-23 17:10:03,100,1515
2024-10-23 17:20:02,99,1423
2024-10-23 17:20:03,99,1454
2024-10-23 17:20:03,99,1463
2024-10-23 17:30:02,100,1417
2024-10-23 17:30:03,100,1451
2024-10-23 17:30:03,100,1451
2024-10-23 17:40:03,101,1407
2024-10-23 17:40:03,101,1438
2024-10-23 17:40:03,101,1438
2024-10-23 17:50:02,101,1405
2024-10-23 17:50:02,101,1435
2024-10-23 17:50:03,101,1436
2024-10-23 18:00:02,101,1391
2024-10-23 18:00:02,101,1423
2024-10-23 18:00:03,101,1423
2024-10-23 18:10:02,98,1385
2024-10-23 18:10:02,98,1419
2024-10-23 18:10:03,98,1405
2024-10-23 18:20:02,102,1385
2024-10-23 18:20:02,102,1407
2024-10-23 18:20:03,102,1417
2024-10-23 18:30:02,99,1355
2024-10-23 18:30:03,99,1403
2024-10-23 18:30:03,99,1404
2024-10-23 18:40:02,103,1369
2024-10-23 18:40:03,103,1401
2024-10-23 18:40:03,103,1400
2024-10-23 18:50:02,101,1368
2024-10-23 18:50:03,101,1398
2024-10-23 18:50:03,101,1388
2024-10-23 19:00:02,101,1356
2024-10-23 19:00:03,101,1367
2024-10-23 19:00:03,101,1353
2024-10-23 19:10:02,101,2014
2024-10-23 19:10:03,101,2088
2024-10-23 19:10:03,101,2088
2024-10-23 19:20:02,103,2217
2024-10-23 19:20:02,103,2314
2024-10-23 19:20:03,103,2299
2024-10-23 19:30:02,100,2392
2024-10-23 19:30:02,100,2462
2024-10-23 19:30:03,100,2473
2024-10-23 19:40:02,99,2475
2024-10-23 19:40:02,99,2552
2024-10-23 19:40:03,99,2554
2024-10-23 19:50:02,101,2522
2024-10-23 19:50:02,101,2602
2024-10-23 19:50:03,101,2605
2024-10-23 20:00:02,101,2558
2024-10-23 20:00:02,101,2636
2024-10-23 20:00:03,101,2647
2024-10-23 20:10:02,100,2591
2024-10-23 20:10:03,100,2664
2024-10-23 20:10:03,100,2651
2024-10-23 20:20:02,100,2605
2024-10-23 20:20:03,100,2680
2024-10-23 20:20:03,100,2686
2024-10-23 20:30:02,103,2621
2024-10-23 20:30:03,103,2700
2024-10-23 20:30:03,103,2702
2024-10-23 20:40:02,103,2634
2024-10-23 20:40:03,103,2712
2024-10-23 20:40:03,103,2716
2024-10-23 20:50:03,101,2648
2024-10-23 20:50:03,101,2726
2024-10-23 20:50:04,101,2730
2024-10-23 21:00:02,101,2654
2024-10-23 21:00:02,101,2730
2024-10-23 21:00:03,101,2733
2024-10-23 21:10:02,99,2665
2024-10-23 21:10:02,99,2744
2024-10-23 21:10:03,99,2745
2024-10-23 21:20:02,98,2668
2024-10-23 21:20:02,98,2746
2024-10-23 21:20:03,98,2749
2024-10-23 21:30:02,98,2679
2024-10-23 21:30:02,98,2750
2024-10-23 21:30:03,98,2758
2024-10-23 21:40:02,100,2684
2024-10-23 21:40:03,100,2762
2024-10-23 21:40:03,100,2765
2024-10-23 21:50:02,97,2686
2024-10-23 21:50:03,97,2776
2024-10-23 21:50:03,97,2777
2024-10-23 22:00:02,101,2701
2024-10-23 22:00:03,101,2779
2024-10-23 22:00:03,101,2781
2024-10-23 22:10:02,100,2712
2024-10-23 22:10:03,100,2783
2024-10-23 22:10:03,100,2792
2024-10-23 22:20:03,99,2715
2024-10-23 22:20:03,99,2793
2024-10-23 22:20:04,99,2795
2024-10-23 22:30:02,99,2716
2024-10-23 22:30:02,99,2798
2024-10-23 22:30:03,99,2798
2024-10-23 22:40:02,97,2718
2024-10-23 22:40:02,97,2797
2024-10-23 22:40:03,97,2808
2024-10-23 22:50:02,101,2719
2024-10-23 22:50:02,101,2798
2024-10-23 22:50:03,101,2807
2024-10-23 23:00:02,101,2728
2024-10-23 23:00:03,101,2799
2024-10-23 23:00:03,101,2808
2024-10-23 23:10:02,99,2728
2024-10-23 23:10:03,99,2811
2024-10-23 23:10:03,99,2808
2024-10-23 23:20:02,101,2731
2024-10-23 23:20:03,101,2799
2024-10-23 23:20:03,101,2809
2024-10-23 23:30:02,101,2726
2024-10-23 23:30:03,101,2799
2024-10-23 23:30:03,101,2808
2024-10-23 23:40:03,97,2728
2024-10-23 23:40:03,97,2807
2024-10-23 23:40:03,97,2810
2024-10-23 23:50:02,100,2726
2024-10-23 23:50:02,100,2800
2024-10-23 23:50:03,100,2808
2024-10-24 00:00:02,102,2718
2024-10-24 00:00:02,102,2798
2024-10-24 00:00:03,102,2808
2024-10-24 00:10:02,98,2718
2024-10-24 00:10:02,98,2792
2024-10-24 00:10:03,98,2800
2024-10-24 00:20:02,95,2727
2024-10-24 00:20:02,95,2806
2024-10-24 00:20:03,95,2808
2024-10-24 00:30:02,97,2727
2024-10-24 00:30:03,97,2798
2024-10-24 00:30:03,97,2800
2024-10-24 00:40:02,102,2717
2024-10-24 00:40:03,102,2795
2024-10-24 00:40:03,102,2799
2024-10-24 00:50:02,100,2714
2024-10-24 00:50:03,100,2794
2024-10-24 00:50:03,100,2798
2024-10-24 01:00:02,97,2716
2024-10-24 01:00:03,97,2797
2024-10-24 01:00:03,97,2798
2024-10-24 01:10:03,99,2715
2024-10-24 01:10:03,99,2797
2024-10-24 01:10:04,99,2795
2024-10-24 01:20:02,99,2714
2024-10-24 01:20:02,99,2795
2024-10-24 01:20:03,99,2799
2024-10-24 01:30:02,98,2716
2024-10-24 01:30:02,98,2808
2024-10-24 01:30:03,98,2812
2024-10-24 01:40:02,97,2716
2024-10-24 01:40:02,97,2791
2024-10-24 01:40:03,97,2805
2024-10-24 01:50:02,98,2717
2024-10-24 01:50:03,98,2798
2024-10-24 01:50:03,98,2808
2024-10-24 02:00:02,100,2717
2024-10-24 02:00:03,100,2797
2024-10-24 02:00:03,100,2808
2024-10-24 02:10:02,96,2717
2024-10-24 02:10:03,96,2797
2024-10-24 02:10:03,96,2808
2024-10-24 02:20:02,97,2717
2024-10-24 02:20:03,97,2797
2024-10-24 02:20:03,97,2808
2024-10-24 02:30:03,100,2717
2024-10-24 02:30:03,100,2797
2024-10-24 02:30:04,100,2814
2024-10-24 02:40:02,96,2718
2024-10-24 02:40:02,96,2783
2024-10-24 02:40:03,96,2809
2024-10-24 02:50:02,101,2717
2024-10-24 02:50:02,101,2798
2024-10-24 02:50:03,101,2808
2024-10-24 03:00:02,97,2728
2024-10-24 03:00:02,97,2807
2024-10-24 03:00:03,97,2809
2024-10-24 03:10:02,96,2718
2024-10-24 03:10:02,96,2799
2024-10-24 03:10:03,96,2808
2024-10-24 03:20:02,98,2718
2024-10-24 03:20:03,98,2807
2024-10-24 03:20:03,98,2810
2024-10-24 03:30:02,97,2718
2024-10-24 03:30:03,97,2807
2024-10-24 03:30:03,97,2810
2024-10-24 03:40:02,93,2728
2024-10-24 03:40:03,93,2811
2024-10-24 03:40:03,93,2810
2024-10-24 03:50:02,97,2727
2024-10-24 03:50:03,97,2809
2024-10-24 03:50:03,97,2812
2024-10-24 04:00:03,98,2728
2024-10-24 04:00:03,98,2810
2024-10-24 04:00:04,98,2813
2024-10-24 04:10:02,97,2728
2024-10-24 04:10:02,97,2810
2024-10-24 04:10:03,97,2814
2024-10-24 04:20:02,96,2728
2024-10-24 04:20:02,96,2810
2024-10-24 04:20:03,96,2812
2024-10-24 04:30:02,94,2729
2024-10-24 04:30:02,94,2810
2024-10-24 04:30:03,94,2813
2024-10-24 04:40:02,98,2729
2024-10-24 04:40:03,98,2814
2024-10-24 04:40:03,98,2824
2024-10-24 04:50:02,97,2712
2024-10-24 04:50:03,97,2810
2024-10-24 04:50:03,97,2827
2024-10-24 05:00:02,97,2729
2024-10-24 05:00:03,97,2809
2024-10-24 05:00:03,97,2813
2024-10-24 05:10:02,95,2730
2024-10-24 05:10:03,95,2807
2024-10-24 05:10:03,95,2809
2024-10-24 05:20:03,93,2728
2024-10-24 05:20:03,93,2809
2024-10-24 05:20:03,93,2813
2024-10-24 05:30:03,99,2716
2024-10-24 05:30:03,99,2808
2024-10-24 05:30:04,99,2808
2024-10-24 05:40:02,96,2728
2024-10-24 05:40:02,96,2807
2024-10-24 05:40:03,96,2813
2024-10-24 05:50:02,97,2718
2024-10-24 05:50:02,97,2809
2024-10-24 05:50:03,97,2812
2024-10-24 06:00:02,96,2728
2024-10-24 06:00:02,96,2809
2024-10-24 06:00:03,96,2812
2024-10-24 06:10:02,94,2718
2024-10-24 06:10:03,94,2795
2024-10-24 06:10:03,94,2811
2024-10-24 06:20:02,98,2727
2024-10-24 06:20:03,98,2808
2024-10-24 06:20:03,98,2812
2024-10-24 06:30:02,97,2717
2024-10-24 06:30:03,97,2807
2024-10-24 06:30:03,97,2811
2024-10-24 06:40:02,99,2726
2024-10-24 06:40:03,99,2808
2024-10-24 06:40:03,99,2811
2024-10-24 06:50:03,98,2727
2024-10-24 06:50:03,98,2808
2024-10-24 06:50:03,98,2813
2024-10-24 07:00:02,95,2728
2024-10-24 07:00:02,95,2815
2024-10-24 07:00:03,95,2846
2024-10-24 07:10:02,96,1278
2024-10-24 07:10:02,96,1320
2024-10-24 07:10:03,96,1310
2024-10-24 07:20:02,94,1436
2024-10-24 07:20:02,94,1465
2024-10-24 07:20:03,94,1470
2024-10-24 07:30:02,101,1531
2024-10-24 07:30:02,101,1567
2024-10-24 07:30:03,101,1576
2024-10-24 07:40:02,95,1563
2024-10-24 07:40:03,95,1591
2024-10-24 07:40:03,95,1596
2024-10-24 07:50:02,96,1577
2024-10-24 07:50:03,96,1611
2024-10-24 07:50:03,96,1612
2024-10-24 08:00:02,98,1578
2024-10-24 08:00:03,98,1609
2024-10-24 08:00:03,98,1608
2024-10-24 08:10:02,96,1591
2024-10-24 08:10:03,96,1614
2024-10-24 08:10:03,96,1626
2024-10-24 08:20:03,97,1608
2024-10-24 08:20:03,97,1644
2024-10-24 08:20:04,97,1641
2024-10-24 08:30:02,95,1630
2024-10-24 08:30:02,95,1672
2024-10-24 08:30:03,95,1672
2024-10-24 08:40:02,97,1658
2024-10-24 08:40:02,97,1691
2024-10-24 08:40:03,97,1691
2024-10-24 08:50:02,93,1663
2024-10-24 08:50:02,93,1706
2024-10-24 08:50:03,93,1705
2024-10-24 09:00:02,98,1672
2024-10-24 09:00:02,98,1707
2024-10-24 09:00:03,98,1706
2024-10-24 09:10:02,99,1659
2024-10-24 09:10:03,99,1703
2024-10-24 09:10:03,99,1695
2024-10-24 09:20:02,100,1656
2024-10-24 09:20:03,100,1691
2024-10-24 09:20:03,100,1691
2024-10-24 09:30:02,96,1646
2024-10-24 09:30:03,96,1688
2024-10-24 09:30:03,96,1686
2024-10-24 09:40:02,100,1645
2024-10-24 09:40:03,100,1686
2024-10-24 09:40:03,100,1679
2024-10-24 09:50:03,96,1645
2024-10-24 09:50:03,96,1677
2024-10-24 09:50:04,96,1676
2024-10-24 10:00:02,99,1648
2024-10-24 10:00:02,99,1677
2024-10-24 10:00:03,99,1672
2024-10-24 10:10:02,98,1629
2024-10-24 10:10:02,98,1657
2024-10-24 10:10:03,98,1672
2024-10-24 10:20:02,95,1627
2024-10-24 10:20:02,95,1659
2024-10-24 10:20:03,95,1661
2024-10-24 10:30:02,97,1615
2024-10-24 10:30:03,97,1656
2024-10-24 10:30:03,97,1656
2024-10-24 10:40:02,100,1613
2024-10-24 10:40:03,100,1647
2024-10-24 10:40:03,100,1646
2024-10-24 10:50:02,95,1610
2024-10-24 10:50:03,95,1645
2024-10-24 10:50:03,95,1645
2024-10-24 11:00:02,95,1607
2024-10-24 11:00:03,95,1642
2024-10-24 11:00:03,95,1639
2024-10-24 11:10:03,97,1595
2024-10-24 11:10:03,97,1629
2024-10-24 11:10:03,97,1628
2024-10-24 11:20:02,97,1591
2024-10-24 11:20:02,97,1625
2024-10-24 11:20:03,97,1626
2024-10-24 11:30:02,92,1583
2024-10-24 11:30:02,92,1623
2024-10-24 11:30:03,92,1624
2024-10-24 11:40:02,96,1577
2024-10-24 11:40:02,96,1609
2024-10-24 11:40:03,96,1611
2024-10-24 11:50:02,96,1582
2024-10-24 11:50:02,96,1612
2024-10-24 11:50:03,96,1609
2024-10-24 12:00:02,97,1566
2024-10-24 12:00:03,97,1608
2024-10-24 12:00:03,97,1608
2024-10-24 12:10:02,98,1578
2024-10-24 12:10:03,98,1595
2024-10-24 12:10:03,98,1594
2024-10-24 12:20:02,100,1559
2024-10-24 12:20:03,100,1592
2024-10-24 12:20:03,100,1593
2024-10-24 12:30:02,97,1578
2024-10-24 12:30:03,97,1582
2024-10-24 12:30:03,97,1581
2024-10-24 12:40:03,100,1535
2024-10-24 12:40:03,100,1577
2024-10-24 12:40:04,100,1576
2024-10-24 12:50:02,98,1530
2024-10-24 12:50:02,98,1566
2024-10-24 12:50:03,98,1563
2024-10-24 13:00:02,99,2344
2024-10-24 13:00:02,99,2430
2024-10-24 13:00:03,99,2471
2024-10-24 13:10:02,101,2250
2024-10-24 13:10:02,101,2313
2024-10-24 13:10:03,101,2334
2024-10-24 13:20:02,100,2314
2024-10-24 13:20:03,100,2347
2024-10-24 13:20:03,100,2363
2024-10-24 13:30:02,99,2312
2024-10-24 13:30:03,99,2375
2024-10-24 13:30:03,99,2381
2024-10-24 13:40:02,99,2317
2024-10-24 13:40:03,99,2380
2024-10-24 13:40:03,99,2381
2024-10-24 13:50:02,102,2313
2024-10-24 13:50:03,102,2379
2024-10-24 13:50:03,102,2378
2024-10-24 14:00:03,98,2314
2024-10-24 14:00:03,98,2367
2024-10-24 14:00:03,98,2368
2024-10-24 14:10:03,100,2313
2024-10-24 14:10:03,100,2361
2024-10-24 14:10:04,100,2360
2024-10-24 14:20:02,100,2283
2024-10-24 14:20:02,100,2347
2024-10-24 14:20:03,100,2348
2024-10-24 14:30:02,102,2284
2024-10-24 14:30:02,102,2348
2024-10-24 14:30:03,102,2348
2024-10-24 14:40:02,102,2282
2024-10-24 14:40:02,102,2344
2024-10-24 14:40:03,102,2344
2024-10-24 14:50:02,101,2270
2024-10-24 14:50:03,101,2329
2024-10-24 14:50:03,101,2320
2024-10-24 15:00:02,102,2252
2024-10-24 15:00:03,102,2312
2024-10-24 15:00:03,102,2317
2024-10-24 15:10:02,101,2265
2024-10-24 15:10:03,101,2315
2024-10-24 15:10:03,101,2318
2024-10-24 15:20:02,105,2254
2024-10-24 15:20:03,105,2315
2024-10-24 15:20:03,105,2314
2024-10-24 15:30:03,104,2250
2024-10-24 15:30:03,104,2312
2024-10-24 15:30:03,104,2313
2024-10-24 15:40:02,102,2203
2024-10-24 15:40:02,102,2254
2024-10-24 15:40:03,102,2250
2024-10-24 15:50:02,98,2185
2024-10-24 15:50:02,98,2236
2024-10-24 15:50:03,98,2232
2024-10-24 16:00:02,101,2169
2024-10-24 16:00:02,101,2219
2024-10-24 16:00:03,101,2216
2024-10-24 16:10:02,104,2155
2024-10-24 16:10:02,104,2199
2024-10-24 16:10:03,104,2199
2024-10-24 16:20:02,104,2138
2024-10-24 16:20:03,104,2188
2024-10-24 16:20:03,104,2175
2024-10-24 16:30:02,102,2123
2024-10-24 16:30:03,102,2173
2024-10-24 16:30:03,102,2159
2024-10-24 16:40:02,99,2120
2024-10-24 16:40:03,99,2168
2024-10-24 16:40:03,99,2138
2024-10-24 16:50:02,102,2106
2024-10-24 16:50:03,102,2153
2024-10-24 16:50:03,102,2139
2024-10-24 17:00:03,101,2089
2024-10-24 17:00:03,101,2136
2024-10-24 17:00:03,101,2120
2024-10-24 17:10:03,102,2077
2024-10-24 17:10:03,102,2122
2024-10-24 17:10:04,102,2106
2024-10-24 17:20:02,103,2062
2024-10-24 17:20:02,103,2106
2024-10-24 17:20:03,103,2089
2024-10-24 17:30:02,101,2045
2024-10-24 17:30:02,101,2090
2024-10-24 17:30:03,101,2064
2024-10-24 17:40:02,103,2041
2024-10-24 17:40:02,103,2076
2024-10-24 17:40:03,103,2048
2024-10-24 17:50:02,105,2048
2024-10-24 17:50:03,105,2089
2024-10-24 17:50:03,105,2063
2024-10-24 18:00:02,105,2079
2024-10-24 18:00:03,105,2124
2024-10-24 18:00:03,105,2107
2024-10-24 18:10:02,102,2095
2024-10-24 18:10:03,102,2139
2024-10-24 18:10:03,102,2105
2024-10-24 18:20:02,103,2094
2024-10-24 18:20:03,103,2137
2024-10-24 18:20:03,103,2120
2024-10-24 18:30:03,103,2090
2024-10-24 18:30:03,103,2125
2024-10-24 18:30:03,103,2091
2024-10-24 18:40:02,104,2091
2024-10-24 18:40:02,104,2078
2024-10-24 18:40:03,104,2048
2024-10-24 18:50:02,106,2014
2024-10-24 18:50:02,106,2045
2024-10-24 18:50:03,106,2013
2024-10-24 19:00:02,102,1996
2024-10-24 19:00:02,102,2027
2024-10-24 19:00:03,102,1946
2024-10-24 19:10:02,103,2874
2024-10-24 19:10:02,103,2968
2024-10-24 19:10:03,103,2973
2024-10-24 19:20:02,103,2910
2024-10-24 19:20:03,103,3016
2024-10-24 19:20:03,103,3022
2024-10-24 19:30:02,102,2927
2024-10-24 19:30:03,102,3033
2024-10-24 19:30:03,102,3038
2024-10-24 19:40:02,104,2936
2024-10-24 19:40:03,104,3032
2024-10-24 19:40:03,104,3048
2024-10-24 19:50:02,104,2943
2024-10-24 19:50:03,104,3048
2024-10-24 19:50:03,104,3053
2024-10-24 20:00:03,104,2952
2024-10-24 20:00:03,104,3052
2024-10-24 20:00:04,104,3065
2024-10-24 20:10:02,101,2968
2024-10-24 20:10:02,101,3065
2024-10-24 20:10:03,101,3072
2024-10-24 20:20:02,105,2971
2024-10-24 20:20:02,105,3066
2024-10-24 20:20:03,105,3084
2024-10-24 20:30:02,102,2971
2024-10-24 20:30:02,102,3068
2024-10-24 20:30:03,102,3082
2024-10-24 20:40:02,101,2968
2024-10-24 20:40:02,101,3068
2024-10-24 20:40:03,101,3080
2024-10-24 20:50:02,103,2959
2024-10-24 20:50:03,103,3072
2024-10-24 20:50:03,103,3085
2024-10-24 21:00:02,103,2985
2024-10-24 21:00:03,103,3083
2024-10-24 21:00:03,103,3097
2024-10-24 21:10:02,104,2990
2024-10-24 21:10:03,104,3088
2024-10-24 21:10:03,104,3101
2024-10-24 21:20:02,100,3002
2024-10-24 21:20:03,100,3100
2024-10-24 21:20:03,100,3101
2024-10-24 21:30:03,103,3006
2024-10-24 21:30:03,103,3112
2024-10-24 21:30:04,103,3116
2024-10-24 21:40:02,106,3017
2024-10-24 21:40:02,106,3114
2024-10-24 21:40:03,106,3118
2024-10-24 21:50:02,103,3016
2024-10-24 21:50:02,103,3115
2024-10-24 21:50:03,103,3134
2024-10-24 22:00:02,105,3018
2024-10-24 22:00:02,105,3117
2024-10-24 22:00:03,105,3117
2024-10-24 22:10:02,104,3017
2024-10-24 22:10:03,104,3132
2024-10-24 22:10:03,104,3130
2024-10-24 22:20:02,105,3017
2024-10-24 22:20:03,105,3119
2024-10-24 22:20:03,105,3129
2024-10-24 22:30:02,106,3019
2024-10-24 22:30:03,106,3117
2024-10-24 22:30:03,106,3129
2024-10-24 22:40:02,104,2999
2024-10-24 22:40:03,104,3118
2024-10-24 22:40:03,104,3128
2024-10-24 22:50:03,104,3015
2024-10-24 22:50:03,104,3115
2024-10-24 22:50:03,104,3128
2024-10-24 23:00:02,105,3007
2024-10-24 23:00:02,105,3114
2024-10-24 23:00:03,105,3127
2024-10-24 23:10:02,104,3008
2024-10-24 23:10:02,104,3114
2024-10-24 23:10:03,104,3119
2024-10-24 23:20:02,104,3015
2024-10-24 23:20:02,104,3116
2024-10-24 23:20:03,104,3128
2024-10-24 23:30:02,107,3006
2024-10-24 23:30:02,107,3112
2024-10-24 23:30:03,107,3101
2024-10-24 23:40:02,104,3007
2024-10-24 23:40:03,104,3101
2024-10-24 23:40:03,104,3128
2024-10-24 23:50:02,100,3015
2024-10-24 23:50:03,100,3118
2024-10-24 23:50:03,100,3145
2024-10-25 00:00:02,104,3018
2024-10-25 00:00:03,104,3127
2024-10-25 00:00:03,104,3132
2024-10-25 00:10:02,104,3037
2024-10-25 00:10:03,104,3130
2024-10-25 00:10:03,104,3144
2024-10-25 00:20:03,103,3032
2024-10-25 00:20:03,103,3129
2024-10-25 00:20:04,103,3144
2024-10-25 00:30:02,107,3031
2024-10-25 00:30:02,107,3147
2024-10-25 00:30:03,107,3147
2024-10-25 00:40:02,103,3033
2024-10-25 00:40:02,103,3144
2024-10-25 00:40:03,103,3147
2024-10-25 00:50:02,104,3037
2024-10-25 00:50:02,104,3146
2024-10-25 00:50:03,104,3150
2024-10-25 01:00:02,103,3039
2024-10-25 01:00:02,103,3148
2024-10-25 01:00:03,103,3161
2024-10-25 01:10:02,103,3048
2024-10-25 01:10:03,103,3158
2024-10-25 01:10:03,103,3162
2024-10-25 01:20:02,103,3050
2024-10-25 01:20:03,103,3135
2024-10-25 01:20:03,103,3178
2024-10-25 01:30:02,103,3051
2024-10-25 01:30:03,103,3161
2024-10-25 01:30:03,103,3176
2024-10-25 01:40:02,104,3047
2024-10-25 01:40:03,104,3164
2024-10-25 01:40:03,104,3164
2024-10-25 01:50:03,103,3064
2024-10-25 01:50:03,103,3178
2024-10-25 01:50:04,103,3182
2024-10-25 02:00:02,102,3055
2024-10-25 02:00:02,102,3166
2024-10-25 02:00:03,102,3180
2024-10-25 02:10:02,102,3066
2024-10-25 02:10:02,102,3179
2024-10-25 02:10:03,102,3183
2024-10-25 02:20:02,100,3067
2024-10-25 02:20:02,100,3177
2024-10-25 02:20:03,100,3192
2024-10-25 02:30:02,103,3066
2024-10-25 02:30:03,103,3179
2024-10-25 02:30:03,103,3193
2024-10-25 02:40:02,102,3069
2024-10-25 02:40:03,102,3179
2024-10-25 02:40:03,102,3208
2024-10-25 02:50:02,103,3070
2024-10-25 02:50:03,103,3194
2024-10-25 02:50:03,103,3209
2024-10-25 03:00:02,99,3081
2024-10-25 03:00:03,99,3192
2024-10-25 03:00:03,99,3199
2024-10-25 03:10:02,106,3082
2024-10-25 03:10:03,106,3194
2024-10-25 03:10:03,106,3208
2024-10-25 03:20:03,103,3069
2024-10-25 03:20:03,103,3191
2024-10-25 03:20:04,103,3197
2024-10-25 03:30:02,103,3086
2024-10-25 03:30:02,103,3196
2024-10-25 03:30:03,103,3212
2024-10-25 03:40:02,104,3066
2024-10-25 03:40:02,104,3197
2024-10-25 03:40:03,104,3214
2024-10-25 03:50:02,100,3085
2024-10-25 03:50:02,100,3196
2024-10-25 03:50:03,100,3212
2024-10-25 04:00:02,102,3084
2024-10-25 04:00:02,102,3196
2024-10-25 04:00:03,102,3210
2024-10-25 04:10:02,101,3085
2024-10-25 04:10:03,101,3246
2024-10-25 04:10:03,101,3211
2024-10-25 04:20:02,103,3083
2024-10-25 04:20:03,103,3196
2024-10-25 04:20:03,103,3211
2024-10-25 04:30:02,104,3085
2024-10-25 04:30:03,104,3196
2024-10-25 04:30:03,104,3213
2024-10-25 04:40:02,103,3084
2024-10-25 04:40:03,103,3196
2024-10-25 04:40:03,103,3211
2024-10-25 04:50:03,100,3083
2024-10-25 04:50:03,100,3195
2024-10-25 04:50:04,100,3211
2024-10-25 05:00:02,102,3083
2024-10-25 05:00:02,102,3194
2024-10-25 05:00:03,102,3212
2024-10-25 05:10:02,101,3072
2024-10-25 05:10:02,101,3192
2024-10-25 05:10:03,101,3208
2024-10-25 05:20:02,102,3085
2024-10-25 05:20:02,102,3194
2024-10-25 05:20:03,102,3208
2024-10-25 05:30:02,99,3069
2024-10-25 05:30:03,99,3192
2024-10-25 05:30:03,99,3208
2024-10-25 05:40:02,100,3069
2024-10-25 05:40:03,100,3181
2024-10-25 05:40:03,100,3183
2024-10-25 05:50:02,102,3069
2024-10-25 05:50:03,102,3182
2024-10-25 05:50:03,102,3197
2024-10-25 06:00:02,99,3067
2024-10-25 06:00:03,99,3180
2024-10-25 06:00:03,99,3199
2024-10-25 06:10:03,102,3069
2024-10-25 06:10:03,102,3178
2024-10-25 06:10:03,102,3197
2024-10-25 06:20:02,99,3054
2024-10-25 06:20:02,99,3161
2024-10-25 06:20:03,99,3176
2024-10-25 06:30:02,103,3064
2024-10-25 06:30:02,103,3175
2024-10-25 06:30:03,103,3195
2024-10-25 06:40:02,100,3054
2024-10-25 06:40:02,100,3166
2024-10-25 06:40:03,100,3183
2024-10-25 06:50:02,98,3055
2024-10-25 06:50:02,98,3162
2024-10-25 06:50:03,98,3180
2024-10-25 07:00:02,101,3067
2024-10-25 07:00:03,101,3214
2024-10-25 07:00:03,101,3239
2024-10-25 07:10:02,101,1726
2024-10-25 07:10:03,101,1768
2024-10-25 07:10:03,101,1759
2024-10-25 07:20:02,101,2046
2024-10-25 07:20:03,101,2106
2024-10-25 07:20:03,101,2110
2024-10-25 07:30:02,101,2157
2024-10-25 07:30:03,101,2220
2024-10-25 07:30:03,101,2234
2024-10-25 07:40:03,103,2188
2024-10-25 07:40:03,103,2250
2024-10-25 07:40:04,103,2248
2024-10-25 07:50:02,99,2171
2024-10-25 07:50:02,99,2222
2024-10-25 07:50:03,99,2234
2024-10-25 08:00:02,104,2158
2024-10-25 08:00:02,104,2217
2024-10-25 08:00:03,104,2237
2024-10-25 08:10:02,98,2173
2024-10-25 08:10:02,98,2234
2024-10-25 08:10:03,98,2240
2024-10-25 08:20:02,101,2174
2024-10-25 08:20:03,101,2221
2024-10-25 08:20:03,101,2253
2024-10-25 08:30:02,102,2183
2024-10-25 08:30:03,102,2237
2024-10-25 08:30:03,102,2252
2024-10-25 08:40:02,103,2185
2024-10-25 08:40:03,103,2238
2024-10-25 08:40:03,103,2253
2024-10-25 08:50:02,101,2186
2024-10-25 08:50:03,101,2248
2024-10-25 08:50:03,101,2254
2024-10-25 09:00:02,104,2175
2024-10-25 09:00:03,104,2237
2024-10-25 09:00:03,104,2250
2024-10-25 09:10:03,100,2182
2024-10-25 09:10:03,100,2238
2024-10-25 09:10:03,100,2252
2024-10-25 09:20:02,102,2186
2024-10-25 09:20:02,102,2246
2024-10-25 09:20:03,102,2253
2024-10-25 09:30:02,100,2189
2024-10-25 09:30:02,100,2250
2024-10-25 09:30:03,100,2264
2024-10-25 09:40:02,104,2203
2024-10-25 09:40:02,104,2266
2024-10-25 09:40:03,104,2264
2024-10-25 09:50:02,101,2189
2024-10-25 09:50:02,101,2252
2024-10-25 09:50:03,101,2266
2024-10-25 10:00:02,101,2206
2024-10-25 10:00:03,101,2253
2024-10-25 10:00:03,101,2270
2024-10-25 10:10:02,105,2191
2024-10-25 10:10:03,105,2254
2024-10-25 10:10:03,105,2265
2024-10-25 10:20:02,100,2185
2024-10-25 10:20:03,100,2262
2024-10-25 10:20:03,100,2269
2024-10-25 10:30:02,99,2204
2024-10-25 10:30:03,99,2264
2024-10-25 10:30:03,99,2281
2024-10-25 10:40:03,100,2201
2024-10-25 10:40:03,100,2253
2024-10-25 10:40:03,100,2268
2024-10-25 10:50:02,100,2218
2024-10-25 10:50:02,100,2265
2024-10-25 10:50:03,100,2280
2024-10-25 11:00:02,101,2204
2024-10-25 11:00:02,101,2268
2024-10-25 11:00:03,101,2280
2024-10-25 11:10:02,101,2204
2024-10-25 11:10:02,101,2267
2024-10-25 11:10:03,101,2281
2024-10-25 11:20:02,102,2204
2024-10-25 11:20:02,102,2268
2024-10-25 11:20:03,102,2282
2024-10-25 11:30:02,103,2492
2024-10-25 11:30:03,103,2504
2024-10-25 11:30:03,103,2552
2024-10-25 11:40:02,100,2380
2024-10-25 11:40:03,100,2444
2024-10-25 11:40:03,100,2456
2024-10-25 11:50:02,101,2329
2024-10-25 11:50:03,101,2381
2024-10-25 11:50:03,101,2381
2024-10-25 12:00:02,101,2271
2024-10-25 12:00:03,101,2333
2024-10-25 12:00:03,101,2343
2024-10-25 12:10:03,102,2236
2024-10-25 12:10:03,102,2299
2024-10-25 12:10:04,102,2314
2024-10-25 12:20:02,104,2218
2024-10-25 12:20:02,104,2281
2024-10-25 12:20:03,104,2286
2024-10-25 12:30:02,102,2216
2024-10-25 12:30:02,102,2269
2024-10-25 12:30:03,102,2282
2024-10-25 12:40:02,103,2190
2024-10-25 12:40:02,103,2253
2024-10-25 12:40:03,103,2264
2024-10-25 12:50:02,104,2189
2024-10-25 12:50:02,104,2252
2024-10-25 12:50:03,104,2263
2024-10-25 13:00:02,99,2175
2024-10-25 13:00:03,99,2190
2024-10-25 13:00:03,99,2252
2024-10-25 13:10:02,103,2184
2024-10-25 13:10:03,103,2238
2024-10-25 13:10:03,103,2252
2024-10-25 13:20:02,99,2175
2024-10-25 13:20:03,99,2237
2024-10-25 13:20:03,99,2248
2024-10-25 13:30:02,100,2170
2024-10-25 13:30:03,100,2232
2024-10-25 13:30:03,100,2238
2024-10-25 13:40:03,101,2167
2024-10-25 13:40:03,101,2234
2024-10-25 13:40:04,101,2232
2024-10-25 13:50:02,99,2156
2024-10-25 13:50:02,99,2221
2024-10-25 13:50:03,99,2236
2024-10-25 14:00:02,100,2168
2024-10-25 14:00:02,100,2233
2024-10-25 14:00:03,100,2233
2024-10-25 14:10:02,100,2167
2024-10-25 14:10:02,100,2222
2024-10-25 14:10:03,100,2222
2024-10-25 14:20:02,102,2159
2024-10-25 14:20:03,102,2223
2024-10-25 14:20:03,102,2235
2024-10-25 14:30:02,100,2159
2024-10-25 14:30:03,100,2221
2024-10-25 14:30:03,100,2234
2024-10-25 14:40:02,106,2158
2024-10-25 14:40:03,106,2222
2024-10-25 14:40:03,106,2233
2024-10-25 14:50:02,99,2153
2024-10-25 14:50:03,99,2174
2024-10-25 14:50:03,99,2232
2024-10-25 15:00:02,100,2155
2024-10-25 15:00:03,100,2219
2024-10-25 15:00:03,100,2221
2024-10-25 15:10:03,102,2156
2024-10-25 15:10:03,102,2218
2024-10-25 15:10:04,102,2222
2024-10-25 15:20:02,98,2156
2024-10-25 15:20:02,98,2218
2024-10-25 15:20:03,98,2221
2024-10-25 15:30:02,102,2156
2024-10-25 15:30:02,102,2218
2024-10-25 15:30:03,102,2219
2024-10-25 15:40:02,98,2154
2024-10-25 15:40:02,98,2216
2024-10-25 15:40:03,98,2219
2024-10-25 15:50:02,102,2154
2024-10-25 15:50:03,102,2216
2024-10-25 15:50:03,102,2219
2024-10-25 16:00:02,100,2153
2024-10-25 16:00:03,100,2215
2024-10-25 16:00:03,100,2217
2024-10-25 16:10:02,104,2151
2024-10-25 16:10:03,104,2216
2024-10-25 16:10:03,104,2208
2024-10-25 16:20:02,102,2141
2024-10-25 16:20:03,102,2201
2024-10-25 16:20:03,102,2191
2024-10-25 16:30:03,101,2142
2024-10-25 16:30:03,101,2199
2024-10-25 16:30:03,101,2203
2024-10-25 16:40:02,97,2138
2024-10-25 16:40:02,97,2191
2024-10-25 16:40:03,97,2200
2024-10-25 16:50:02,100,2137
2024-10-25 16:50:02,100,2188
2024-10-25 16:50:03,100,2189
2024-10-25 17:00:02,99,2125
2024-10-25 17:00:02,99,2192
2024-10-25 17:00:03,99,2189
2024-10-25 17:10:02,101,2123
2024-10-25 17:10:02,101,2174
2024-10-25 17:10:03,101,2173
2024-10-25 17:20:02,100,2120
2024-10-25 17:20:03,100,2172
2024-10-25 17:20:03,100,2170
2024-10-25 17:30:02,97,2120
2024-10-25 17:30:03,97,2169
2024-10-25 17:30:03,97,2160
2024-10-25 17:40:02,99,2109
2024-10-25 17:40:03,99,2156
2024-10-25 17:40:03,99,2154
2024-10-25 17:50:02,100,2107
2024-10-25 17:50:03,100,2156
2024-10-25 17:50:03,100,2152
2024-10-25 18:00:03,97,2122
2024-10-25 18:00:03,97,2168
2024-10-25 18:00:03,97,2159
2024-10-25 18:10:02,97,2136
2024-10-25 18:10:02,97,2173
2024-10-25 18:10:03,97,2169
2024-10-25 18:20:02,102,2110
2024-10-25 18:20:02,102,2169
2024-10-25 18:20:03,102,2157
2024-10-25 18:30:02,102,2105
2024-10-25 18:30:02,102,2153
2024-10-25 18:30:03,102,2140
2024-10-25 18:40:02,102,2091
2024-10-25 18:40:02,102,2123
2024-10-25 18:40:03,102,2135
2024-10-25 18:50:02,102,2090
2024-10-25 18:50:03,102,2137
2024-10-25 18:50:03,102,2139
2024-10-25 19:00:02,97,2090
2024-10-25 19:00:03,97,2105
2024-10-25 19:00:03,97,2027
2024-10-25 19:10:02,99,2862
2024-10-25 19:10:03,99,2942
2024-10-25 19:10:03,99,2953
2024-10-25 19:20:03,100,2936
2024-10-25 19:20:03,100,3033
2024-10-25 19:20:03,100,3051
2024-10-25 19:30:02,101,2985
2024-10-25 19:30:02,101,3051
2024-10-25 19:30:03,101,3069
2024-10-25 19:40:02,100,2985
2024-10-25 19:40:02,100,3072
2024-10-25 19:40:03,100,3086
2024-10-25 19:50:02,97,2991
2024-10-25 19:50:02,97,3088
2024-10-25 19:50:03,97,3099
2024-10-25 20:00:02,100,3006
2024-10-25 20:00:02,100,3103
2024-10-25 20:00:03,100,3114
2024-10-25 20:10:02,98,3034
2024-10-25 20:10:03,98,3117
2024-10-25 20:10:03,98,3142
2024-10-25 20:20:02,101,3070
2024-10-25 20:20:03,101,3168
2024-10-25 20:20:03,101,3190
2024-10-25 20:30:02,98,3101
2024-10-25 20:30:03,98,3199
2024-10-25 20:30:03,98,3208
2024-10-25 20:40:02,97,3118
2024-10-25 20:40:03,97,3207
2024-10-25 20:40:03,97,3223
2024-10-25 20:50:03,96,3143
2024-10-25 20:50:03,96,3239
2024-10-25 20:50:04,96,3243
2024-10-25 21:00:02,99,3151
2024-10-25 21:00:02,99,3256
2024-10-25 21:00:03,99,3258
2024-10-25 21:10:02,99,3166
2024-10-25 21:10:02,99,3264
2024-10-25 21:10:03,99,3272
2024-10-25 21:20:02,100,3179
2024-10-25 21:20:02,100,3280
2024-10-25 21:20:03,100,3288
2024-10-25 21:30:02,95,3195
2024-10-25 21:30:02,95,3289
2024-10-25 21:30:03,95,3286
2024-10-25 21:40:02,97,3207
2024-10-25 21:40:03,97,3304
2024-10-25 21:40:03,97,3309
2024-10-25 21:50:02,99,3209
2024-10-25 21:50:03,99,3308
2024-10-25 21:50:03,99,3320
2024-10-25 22:00:02,97,3223
2024-10-25 22:00:03,97,3311
2024-10-25 22:00:03,97,3323
2024-10-25 22:10:02,97,3213
2024-10-25 22:10:03,97,3318
2024-10-25 22:10:03,97,3325
2024-10-25 22:20:03,100,3214
2024-10-25 22:20:03,100,3320
2024-10-25 22:20:04,100,3325
2024-10-25 22:30:02,98,3212
2024-10-25 22:30:02,98,3312
2024-10-25 22:30:03,98,3344
2024-10-25 22:40:02,97,3223
2024-10-25 22:40:02,97,3322
2024-10-25 22:40:03,97,3326
2024-10-25 22:50:02,94,3225
2024-10-25 22:50:02,94,3325
2024-10-25 22:50:03,94,3338
2024-10-25 23:00:02,97,3227
2024-10-25 23:00:02,97,3336
2024-10-25 23:00:03,97,3340
2024-10-25 23:10:02,98,3229
2024-10-25 23:10:03,98,3340
2024-10-25 23:10:03,98,3344
2024-10-25 23:20:02,94,3225
2024-10-25 23:20:03,94,3339
2024-10-25 23:20:03,94,3351
2024-10-25 23:30:02,97,3240
2024-10-25 23:30:03,97,3342
2024-10-25 23:30:03,97,3354
2024-10-25 23:40:02,98,3239
2024-10-25 23:40:03,98,3341
2024-10-25 23:40:03,98,3356
2024-10-25 23:50:03,97,3241
2024-10-25 23:50:03,97,3343
2024-10-25 23:50:04,97,3344
2024-10-26 00:00:02,99,3244
2024-10-26 00:00:02,99,3352
2024-10-26 00:00:03,99,3357
2024-10-26 00:10:02,97,3244
2024-10-26 00:10:02,97,3354
2024-10-26 00:10:03,97,3358
2024-10-26 00:20:02,96,3244
2024-10-26 00:20:02,96,3355
2024-10-26 00:20:03,96,3366
2024-10-26 00:30:02,101,3246
2024-10-26 00:30:03,101,3352
2024-10-26 00:30:03,101,3359
2024-10-26 00:40:02,97,3245
2024-10-26 00:40:03,97,3355
2024-10-26 00:40:03,97,3367
2024-10-26 00:50:02,97,3247
2024-10-26 00:50:03,97,3355
2024-10-26 00:50:03,97,3341
2024-10-26 01:00:02,101,3210
2024-10-26 01:00:03,101,3321
2024-10-26 01:00:03,101,3372
2024-10-26 01:10:03,103,3247
2024-10-26 01:10:03,103,3354
2024-10-26 01:10:03,103,3368
2024-10-26 01:20:02,98,3245
2024-10-26 01:20:02,98,3369
2024-10-26 01:20:03,98,3374
2024-10-26 01:30:02,95,3246
2024-10-26 01:30:02,95,3357
2024-10-26 01:30:03,95,3370
2024-10-26 01:40:02,101,3245
2024-10-26 01:40:02,101,3354
2024-10-26 01:40:03,101,3370
2024-10-26 01:50:02,97,3245
2024-10-26 01:50:02,97,3356
2024-10-26 01:50:03,97,3359
2024-10-26 02:00:02,97,3245
2024-10-26 02:00:03,97,3370
2024-10-26 02:00:03,97,3351
2024-10-26 02:10:02,99,3244
2024-10-26 02:10:03,99,3356
2024-10-26 02:10:03,99,3368
2024-10-26 02:20:02,97,3244
2024-10-26 02:20:03,97,3353
2024-10-26 02:20:03,97,3368
2024-10-26 02:30:02,98,3243
2024-10-26 02:30:03,98,3354
2024-10-26 02:30:03,98,3357
2024-10-26 02:40:03,97,3241
2024-10-26 02:40:03,97,3352
2024-10-26 02:40:04,97,3359
2024-10-26 02:50:02,101,3240
2024-10-26 02:50:02,101,3343
2024-10-26 02:50:03,101,3358
2024-10-26 03:00:02,99,3240
2024-10-26 03:00:02,99,3351
2024-10-26 03:00:03,99,3355
2024-10-26 03:10:02,100,3228
2024-10-26 03:10:02,100,3339
2024-10-26 03:10:03,100,3354
2024-10-26 03:20:02,96,3228
2024-10-26 03:20:02,96,3339
2024-10-26 03:20:03,96,3352
2024-10-26 03:30:02,98,3225
2024-10-26 03:30:03,98,3337
2024-10-26 03:30:03,98,3342
2024-10-26 03:40:02,96,3214
2024-10-26 03:40:03,96,3326
2024-10-26 03:40:03,96,3342
2024-10-26 03:50:02,94,3215
2024-10-26 03:50:03,94,3326
2024-10-26 03:50:03,94,3341
2024-10-26 04:00:02,98,3212
2024-10-26 04:00:03,98,3308
2024-10-26 04:00:03,98,3339
2024-10-26 04:10:03,97,3210
2024-10-26 04:10:03,97,3322
2024-10-26 04:10:04,97,3336
2024-10-26 04:20:02,97,3209
2024-10-26 04:20:02,97,3320
2024-10-26 04:20:03,97,3328
2024-10-26 04:30:02,97,3208
2024-10-26 04:30:02,97,3311
2024-10-26 04:30:03,97,3327
2024-10-26 04:40:02,98,3199
2024-10-26 04:40:02,98,3307
2024-10-26 04:40:03,98,3325
2024-10-26 04:50:02,100,3178
2024-10-26 04:50:03,100,3302
2024-10-26 04:50:03,100,3321
2024-10-26 05:00:02,99,3193
2024-10-26 05:00:03,99,3304
2024-10-26 05:00:03,99,3311
2024-10-26 05:10:02,101,3182
2024-10-26 05:10:03,101,3293
2024-10-26 05:10:03,101,3308
2024-10-26 05:20:02,97,3180
2024-10-26 05:20:03,97,3291
2024-10-26 05:20:03,97,3305
2024-10-26 05:30:03,102,3176
2024-10-26 05:30:03,102,3288
2024-10-26 05:30:03,102,3304
2024-10-26 05:40:03,95,3166
2024-10-26 05:40:03,95,3275
2024-10-26 05:40:04,95,3292
2024-10-26 05:50:02,99,3164
2024-10-26 05:50:02,99,3275
2024-10-26 05:50:03,99,3290
2024-10-26 06:00:02,96,3162
2024-10-26 06:00:02,96,3273
2024-10-26 06:00:03,96,3276
2024-10-26 06:10:02,101,3144
2024-10-26 06:10:02,101,3254
2024-10-26 06:10:03,101,3271
2024-10-26 06:20:02,97,3133
2024-10-26 06:20:03,97,3242
2024-10-26 06:20:03,97,3259
2024-10-26 06:30:02,99,3130
2024-10-26 06:30:03,99,3232
2024-10-26 06:30:03,99,3257
2024-10-26 06:40:02,101,3118
2024-10-26 06:40:03,101,3227
2024-10-26 06:40:03,101,3243
2024-10-26 06:50:02,97,3119
2024-10-26 06:50:03,97,3225
2024-10-26 06:50:03,97,3240
2024-10-26 07:00:03,101,3112
2024-10-26 07:00:03,101,3294
2024-10-26 07:00:04,101,3293
2024-10-26 07:10:02,99,1511
2024-10-26 07:10:02,99,1535
2024-10-26 07:10:03,99,1533
2024-10-26 07:20:02,101,1790
2024-10-26 07:20:02,101,1833
2024-10-26 07:20:03,101,1832
2024-10-26 07:30:02,98,1900
2024-10-26 07:30:02,98,1948
2024-10-26 07:30:03,98,1931
2024-10-26 07:40:02,102,1948
2024-10-26 07:40:03,102,1991
2024-10-26 07:40:03,102,1981
2024-10-26 07:50:02,102,1918
2024-10-26 07:50:03,102,1948
2024-10-26 07:50:03,102,1935
2024-10-26 08:00:02,97,1916
2024-10-26 08:00:03,97,1960
2024-10-26 08:00:03,97,1948
2024-10-26 08:10:02,102,1933
2024-10-26 08:10:03,102,1976
2024-10-26 08:10:03,102,1963
2024-10-26 08:20:03,99,1951
2024-10-26 08:20:03,99,1979
2024-10-26 08:20:03,99,1975
2024-10-26 08:30:02,103,1935
2024-10-26 08:30:02,103,1965
2024-10-26 08:30:03,103,1949
2024-10-26 08:40:02,102,1933
2024-10-26 08:40:02,102,1967
2024-10-26 08:40:03,102,1962
2024-10-26 08:50:02,100,1944
2024-10-26 08:50:02,100,1980
2024-10-26 08:50:03,100,1981
2024-10-26 09:00:02,100,1945
2024-10-26 09:00:02,100,1979
2024-10-26 09:00:03,100,1975
2024-10-26 09:10:02,100,1934
2024-10-26 09:10:03,100,1977
2024-10-26 09:10:03,100,1964
2024-10-26 09:20:02,102,1930
2024-10-26 09:20:03,102,1961
2024-10-26 09:20:03,102,1946
2024-10-26 09:30:02,100,1918
2024-10-26 09:30:03,100,1951
2024-10-26 09:30:03,100,1919
2024-10-26 09:40:02,104,1914
2024-10-26 09:40:03,104,1960
2024-10-26 09:40:03,104,1934
2024-10-26 09:50:03,98,1913
2024-10-26 09:50:03,98,1946
2024-10-26 09:50:03,98,1931
2024-10-26 10:00:02,100,1903
2024-10-26 10:00:02,100,1942
2024-10-26 10:00:03,100,1929
2024-10-26 10:10:02,100,1900
2024-10-26 10:10:02,100,1930
2024-10-26 10:10:03,100,1916
2024-10-26 10:20:02,95,1898
2024-10-26 10:20:02,95,1917
2024-10-26 10:20:03,95,1912
2024-10-26 10:30:02,98,1894
2024-10-26 10:30:02,98,1919
2024-10-26 10:30:03,98,1903
2024-10-26 10:40:02,98,1883
2024-10-26 10:40:03,98,1918
2024-10-26 10:40:03,98,1902
2024-10-26 10:50:02,101,1893
2024-10-26 10:50:03,101,1928
2024-10-26 10:50:03,101,1883
2024-10-26 11:00:02,100,1881
2024-10-26 11:00:03,100,1915
2024-10-26 11:00:03,100,1900
2024-10-26 11:10:02,100,1881
2024-10-26 11:10:03,100,1918
2024-10-26 11:10:03,100,1902
2024-10-26 11:20:03,98,1868
2024-10-26 11:20:03,98,1902
2024-10-26 11:20:04,98,1887
2024-10-26 11:30:02,100,1865
2024-10-26 11:30:02,100,1900
2024-10-26 11:30:03,100,1884
2024-10-26 11:40:02,102,1863
2024-10-26 11:40:02,102,1896
2024-10-26 11:40:03,102,1882
2024-10-26 11:50:02,100,1864
2024-10-26 11:50:02,100,1896
2024-10-26 11:50:03,100,1880
2024-10-26 12:00:02,100,1863
2024-10-26 12:00:02,100,1886
2024-10-26 12:00:03,100,1881
2024-10-26 12:10:02,104,1848
2024-10-26 12:10:03,104,1878
2024-10-26 12:10:03,104,1867
2024-10-26 12:20:02,101,1848
2024-10-26 12:20:03,101,1881
2024-10-26 12:20:03,101,1853
2024-10-26 12:30:02,100,1835
2024-10-26 12:30:03,100,1870
2024-10-26 12:30:03,100,1856
2024-10-26 12:40:02,100,1848
2024-10-26 12:40:03,100,1869
2024-10-26 12:40:03,100,1854
2024-10-26 12:50:03,99,1833
2024-10-26 12:50:03,99,1864
2024-10-26 12:50:04,99,1848
2024-10-26 13:00:02,100,1832
2024-10-26 13:00:02,100,1864
2024-10-26 13:00:03,100,1850
2024-10-26 13:10:02,99,1832
2024-10-26 13:10:02,99,1853
2024-10-26 13:10:03,99,1838
2024-10-26 13:20:02,97,1822
2024-10-26 13:20:02,97,1850
2024-10-26 13:20:03,97,1837
2024-10-26 13:30:02,100,1818
2024-10-26 13:30:02,100,1850
2024-10-26 13:30:03,100,1835
2024-10-26 13:40:02,97,1817
2024-10-26 13:40:03,97,1848
2024-10-26 13:40:03,97,1833
2024-10-26 13:50:02,100,1817
2024-10-26 13:50:03,100,1848
2024-10-26 13:50:03,100,1833
2024-10-26 14:00:02,101,1815
2024-10-26 14:00:03,101,1840
2024-10-26 14:00:03,101,1832
2024-10-26 14:10:02,99,1805
2024-10-26 14:10:03,99,1836
2024-10-26 14:10:03,99,1819
2024-10-26 14:20:03,100,1802
2024-10-26 14:20:03,100,1834
2024-10-26 14:20:04,100,1819
2024-10-26 14:30:02,96,1786
2024-10-26 14:30:02,96,1821
2024-10-26 14:30:03,96,1819
2024-10-26 14:40:02,98,1790
2024-10-26 14:40:02,98,1821
2024-10-26 14:40:03,98,1806
2024-10-26 14:50:02,103,1789
2024-10-26 14:50:02,103,1820
2024-10-26 14:50:03,103,1807
2024-10-26 15:00:02,98,1785
2024-10-26 15:00:03,98,1818
2024-10-26 15:00:03,98,1804
2024-10-26 15:10:02,97,1783
2024-10-26 15:10:03,97,1814
2024-10-26 15:10:03,97,1791
2024-10-26 15:20:02,100,1773
2024-10-26 15:20:03,100,1804
2024-10-26 15:20:03,100,1788
2024-10-26 15:30:02,98,1769
2024-10-26 15:30:03,98,1805
2024-10-26 15:30:03,98,1786
2024-10-26 15:40:03,98,1770
2024-10-26 15:40:03,98,1802
2024-10-26 15:40:04,98,1784
2024-10-26 15:50:02,102,1759
2024-10-26 15:50:02,102,1799
2024-10-26 15:50:03,102,1769
2024-10-26 16:00:02,101,1755
2024-10-26 16:00:02,101,1784
2024-10-26 16:00:03,101,1770
2024-10-26 16:10:02,101,1753
2024-10-26 16:10:02,101,1769
2024-10-26 16:10:03,101,1738
2024-10-26 16:20:02,99,1740
2024-10-26 16:20:03,99,1769
2024-10-26 16:20:03,99,1752
2024-10-26 16:30:02,95,1737
2024-10-26 16:30:03,95,1758
2024-10-26 16:30:03,95,1741
2024-10-26 16:40:02,99,1722
2024-10-26 16:40:03,99,1741
2024-10-26 16:40:03,99,1736
2024-10-26 16:50:02,98,1710
2024-10-26 16:50:03,98,1739
2024-10-26 16:50:03,98,1721
2024-10-26 17:00:02,100,1708
2024-10-26 17:00:03,100,1736
2024-10-26 17:00:03,100,1712
2024-10-26 17:10:03,99,1704
2024-10-26 17:10:03,99,1723
2024-10-26 17:10:04,99,1706
2024-10-26 17:20:02,96,1690
2024-10-26 17:20:02,96,1710
2024-10-26 17:20:03,96,1692
2024-10-26 17:30:02,98,1676
2024-10-26 17:30:02,98,1704
2024-10-26 17:30:03,98,1680
2024-10-26 17:40:02,104,1673
2024-10-26 17:40:02,104,1677
2024-10-26 17:40:03,104,1674
2024-10-26 17:50:02,101,1663
2024-10-26 17:50:03,101,1677
2024-10-26 17:50:03,101,1660
2024-10-26 18:00:02,97,1661
2024-10-26 18:00:03,97,1689
2024-10-26 18:00:03,97,1663
2024-10-26 18:10:02,100,1661
2024-10-26 18:10:03,100,1706
2024-10-26 18:10:03,100,1662
2024-10-26 18:20:02,101,1656
2024-10-26 18:20:03,101,1673
2024-10-26 18:20:03,101,1655
2024-10-26 18:30:03,99,1644
2024-10-26 18:30:03,99,1662
2024-10-26 18:30:03,99,1644
2024-10-26 18:40:02,100,1627
2024-10-26 18:40:02,100,1646
2024-10-26 18:40:03,100,1625
2024-10-26 18:50:02,99,1616
2024-10-26 18:50:02,99,1639
2024-10-26 18:50:03,99,1625
2024-10-26 19:00:02,97,1613
2024-10-26 19:00:02,97,1638
2024-10-26 19:00:03,97,1559
2024-10-26 19:10:02,93,2682
2024-10-26 19:10:02,93,2761
2024-10-26 19:10:03,93,2763
2024-10-26 19:20:02,96,2815
2024-10-26 19:20:03,96,2907
2024-10-26 19:20:03,96,2920
2024-10-26 19:30:02,99,2907
2024-10-26 19:30:03,99,2991
2024-10-26 19:30:03,99,2991
2024-10-26 19:40:02,98,2926
2024-10-26 19:40:03,98,3032
2024-10-26 19:40:03,98,3047
2024-10-26 19:50:02,96,2972
2024-10-26 19:50:03,96,3066
2024-10-26 19:50:03,96,3072
2024-10-26 20:00:03,97,3006
2024-10-26 20:00:03,97,3101
2024-10-26 20:00:04,97,3112
2024-10-26 20:10:02,98,3037
2024-10-26 20:10:02,98,3133
2024-10-26 20:10:03,98,3145
2024-10-26 20:20:02,97,3085
2024-10-26 20:20:02,97,3179
2024-10-26 20:20:03,97,3183
2024-10-26 20:30:02,97,3082
2024-10-26 20:30:02,97,3225
2024-10-26 20:30:03,97,3230
2024-10-26 20:40:02,95,3145
2024-10-26 20:40:03,95,3241
2024-10-26 20:40:03,95,3245
2024-10-26 20:50:02,100,3151
2024-10-26 20:50:03,100,3255
2024-10-26 20:50:03,100,3259
2024-10-26 21:00:02,95,3176
2024-10-26 21:00:03,95,3256
2024-10-26 21:00:03,95,3258
2024-10-26 21:10:02,93,3191
2024-10-26 21:10:03,93,3289
2024-10-26 21:10:03,93,3293
2024-10-26 21:20:02,91,3207
2024-10-26 21:20:03,91,3304
2024-10-26 21:20:03,91,3306
2024-10-26 21:30:03,98,3223
2024-10-26 21:30:03,98,3321
2024-10-26 21:30:04,98,3323
2024-10-26 21:40:02,97,3228
2024-10-26 21:40:02,97,3325
2024-10-26 21:40:03,97,3336
2024-10-26 21:50:02,96,3240
2024-10-26 21:50:02,96,3338
2024-10-26 21:50:03,96,3341
2024-10-26 22:00:02,97,3246
2024-10-26 22:00:02,97,3351
2024-10-26 22:00:03,97,3353
2024-10-26 22:10:02,98,3258
2024-10-26 22:10:03,98,3358
2024-10-26 22:10:03,98,3353
2024-10-26 22:20:02,97,3260
2024-10-26 22:20:03,97,3360
2024-10-26 22:20:03,97,3353
2024-10-26 22:30:02,92,3271
2024-10-26 22:30:03,92,3371
2024-10-26 22:30:03,92,3375
2024-10-26 22:40:02,99,3272
2024-10-26 22:40:03,99,3371
2024-10-26 22:40:03,99,3383
2024-10-26 22:50:03,96,3276
2024-10-26 22:50:03,96,3383
2024-10-26 22:50:04,96,3387
2024-10-26 23:00:02,91,3276
2024-10-26 23:00:02,91,3385
2024-10-26 23:00:03,91,3389
2024-10-26 23:10:02,94,3280
2024-10-26 23:10:02,94,3386
2024-10-26 23:10:03,94,3391
2024-10-26 23:20:02,96,3290
2024-10-26 23:20:02,96,3400
2024-10-26 23:20:03,96,3404
2024-10-26 23:30:02,94,3293
2024-10-26 23:30:03,94,3402
2024-10-26 23:30:03,94,3407
2024-10-26 23:40:02,93,3295
2024-10-26 23:40:03,93,3390
2024-10-26 23:40:03,93,3417
2024-10-26 23:50:02,97,3306
2024-10-26 23:50:03,97,3408
2024-10-26 23:50:03,97,3419
2024-10-27 00:00:02,95,3307
2024-10-27 00:00:03,95,3418
2024-10-27 00:00:03,95,3422
2024-10-27 00:10:02,95,3309
2024-10-27 00:10:03,95,3419
2024-10-27 00:10:03,95,3434
2024-10-27 00:20:02,97,3318
2024-10-27 00:20:02,97,3423
2024-10-27 00:20:03,97,3435
2024-10-27 00:30:02,96,3319
2024-10-27 00:30:02,96,3422
2024-10-27 00:30:03,96,3438
2024-10-27 00:40:02,95,3320
2024-10-27 00:40:02,95,3418
2024-10-27 00:40:03,95,3435
2024-10-27 00:50:02,95,3321
2024-10-27 00:50:02,95,3432
2024-10-27 00:50:03,95,3437
2024-10-27 01:00:02,94,3322
2024-10-27 01:00:03,94,3435
2024-10-27 01:00:03,94,3446
2024-10-27 01:10:02,95,3322
2024-10-27 01:10:03,95,3431
2024-10-27 01:10:03,95,3437
2024-10-27 01:20:02,94,3324
2024-10-27 01:20:03,94,3434
2024-10-27 01:20:03,94,3448
2024-10-27 01:30:02,97,3322
2024-10-27 01:30:03,97,3432
2024-10-27 01:30:03,97,3446
2024-10-27 01:40:03,98,3322
2024-10-27 01:40:03,98,3434
2024-10-27 01:40:03,98,3447
2024-10-27 01:50:02,96,3324
2024-10-27 01:50:02,96,3437
2024-10-27 01:50:03,96,3440
2024-10-27 02:00:02,95,3322
2024-10-27 02:00:02,95,3433
2024-10-27 02:00:03,95,3454
2024-10-27 02:10:02,94,3322
2024-10-27 02:10:02,94,3433
2024-10-27 02:10:03,94,3448
2024-10-27 02:20:02,94,3337
2024-10-27 02:20:02,94,3450
2024-10-27 02:20:03,94,3448
2024-10-27 02:30:02,96,3337
2024-10-27 02:30:03,96,3420
2024-10-27 02:30:03,96,3439
2024-10-27 02:40:02,94,3322
2024-10-27 02:40:03,94,3435
2024-10-27 02:40:03,94,3446
2024-10-27 02:50:02,97,3324
2024-10-27 02:50:03,97,3435
2024-10-27 02:50:03,97,3448
2024-10-27 03:00:02,93,3320
2024-10-27 03:00:03,93,3432
2024-10-27 03:00:03,93,3439
2024-10-27 03:10:03,93,3327
2024-10-27 03:10:03,93,3431
2024-10-27 03:10:04,93,3436
2024-10-27 03:20:02,98,3310
2024-10-27 03:20:02,98,3431
2024-10-27 03:20:03,98,3437
2024-10-27 03:30:02,95,3310
2024-10-27 03:30:02,95,3422
2024-10-27 03:30:03,95,3435
2024-10-27 03:40:02,97,3308
2024-10-27 03:40:02,97,3420
2024-10-27 03:40:03,97,3432
2024-10-27 03:50:02,95,3308
2024-10-27 03:50:02,95,3420
2024-10-27 03:50:03,95,3434
2024-10-27 04:00:02,93,3308
2024-10-27 04:00:03,93,3419
2024-10-27 04:00:03,93,3432
2024-10-27 04:10:02,96,3304
2024-10-27 04:10:03,96,3416
2024-10-27 04:10:03,96,3423
2024-10-27 04:20:02,94,3305
2024-10-27 04:20:03,94,3416
2024-10-27 04:20:03,94,3423
2024-10-27 04:30:02,93,3303
2024-10-27 04:30:03,93,3416
2024-10-27 04:30:03,93,3421
2024-10-27 04:40:03,94,3292
2024-10-27 04:40:03,94,3423
2024-10-27 04:40:04,94,3420
2024-10-27 04:50:02,97,3295
2024-10-27 04:50:02,97,3405
2024-10-27 04:50:03,97,3418
2024-10-27 05:00:02,92,3289
2024-10-27 05:00:02,92,3402
2024-10-27 05:00:03,92,3415
2024-10-27 05:10:02,95,3289
2024-10-27 05:10:02,95,3400
2024-10-27 05:10:03,95,3407
2024-10-27 05:20:02,95,3279
2024-10-27 05:20:03,95,3390
2024-10-27 05:20:03,95,3405
2024-10-27 05:30:02,95,3276
2024-10-27 05:30:03,95,3387
2024-10-27 05:30:03,95,3402
2024-10-27 05:40:02,92,3273
2024-10-27 05:40:03,92,3383
2024-10-27 05:40:03,92,3391
2024-10-27 05:50:02,97,3274
2024-10-27 05:50:03,97,3376
2024-10-27 05:50:03,97,3384
2024-10-27 06:00:03,98,3257
2024-10-27 06:00:03,98,3370
2024-10-27 06:00:03,98,3376
2024-10-27 06:10:03,98,3256
2024-10-27 06:10:03,98,3353
2024-10-27 06:10:04,98,3373
2024-10-27 06:20:02,96,3246
2024-10-27 06:20:02,96,3355
2024-10-27 06:20:03,96,3383
2024-10-27 06:30:02,95,3242
2024-10-27 06:30:02,95,3355
2024-10-27 06:30:03,95,3370
2024-10-27 06:40:02,95,3239
2024-10-27 06:40:02,95,3341
2024-10-27 06:40:03,95,3357
2024-10-27 06:50:02,96,3229
2024-10-27 06:50:03,96,3341
2024-10-27 06:50:03,96,3356
2024-10-27 07:00:02,97,3273
2024-10-27 07:00:03,97,3387
2024-10-27 07:00:03,97,3415
2024-10-27 07:10:02,96,1534
2024-10-27 07:10:03,96,1565
2024-10-27 07:10:03,96,1563
2024-10-27 07:20:02,97,1799
2024-10-27 07:20:03,97,1835
2024-10-27 07:20:03,97,1834
2024-10-27 07:30:03,96,1916
2024-10-27 07:30:03,96,1963
2024-10-27 07:30:04,96,1964
2024-10-27 07:40:02,96,1967
2024-10-27 07:40:02,96,2012
2024-10-27 07:40:03,96,2012
2024-10-27 07:50:02,98,1962
2024-10-27 07:50:02,98,1996
2024-10-27 07:50:03,98,1994
2024-10-27 08:00:02,97,1976
2024-10-27 08:00:02,97,2014
2024-10-27 08:00:03,97,2012
2024-10-27 08:10:02,98,1984
2024-10-27 08:10:02,98,2030
2024-10-27 08:10:03,98,2014
2024-10-27 08:20:02,99,1992
2024-10-27 08:20:03,99,2028
2024-10-27 08:20:03,99,2027
2024-10-27 08:30:02,102,1992
2024-10-27 08:30:03,102,2028
2024-10-27 08:30:03,102,2024
2024-10-27 08:40:02,102,1994
2024-10-27 08:40:03,102,2040
2024-10-27 08:40:03,102,2042
2024-10-27 08:50:02,98,1998
2024-10-27 08:50:03,98,2042
2024-10-27 08:50:03,98,2042
2024-10-27 09:00:02,98,1997
2024-10-27 09:00:03,98,2042
2024-10-27 09:00:03,98,2040
2024-10-27 09:10:03,100,1966
2024-10-27 09:10:03,100,2029
2024-10-27 09:10:04,100,2027
2024-10-27 09:20:02,97,1981
2024-10-27 09:20:02,97,2028
2024-10-27 09:20:03,97,2016
2024-10-27 09:30:02,97,1980
2024-10-27 09:30:02,97,2016
2024-10-27 09:30:03,97,2013
2024-10-27 09:40:02,96,1977
2024-10-27 09:40:02,96,2013
2024-10-27 09:40:03,96,2009
2024-10-27 09:50:02,96,1976
2024-10-27 09:50:03,96,2011
2024-10-27 09:50:03,96,2000
2024-10-27 10:00:02,99,1965
2024-10-27 10:00:03,99,2008
2024-10-27 10:00:03,99,1998
2024-10-27 10:10:02,98,1964
2024-10-27 10:10:03,98,2000
2024-10-27 10:10:03,98,1997
2024-10-27 10:20:02,97,1960
2024-10-27 10:20:03,97,1996
2024-10-27 10:20:03,97,1993
2024-10-27 10:30:03,97,1951
2024-10-27 10:30:03,97,1994
2024-10-27 10:30:04,97,1991
2024-10-27 10:40:02,98,1948
2024-10-27 10:40:02,98,1993
2024-10-27 10:40:03,98,1983
2024-10-27 10:50:02,96,1960
2024-10-27 10:50:02,96,1965
2024-10-27 10:50:03,96,1979
2024-10-27 11:00:02,99,1936
2024-10-27 11:00:02,99,1979
2024-10-27 11:00:03,99,1975
2024-10-27 11:10:02,97,1932
2024-10-27 11:10:02,97,1976
2024-10-27 11:10:03,97,1966
2024-10-27 11:20:02,97,1930
2024-10-27 11:20:03,97,1975
2024-10-27 11:20:03,97,1962
2024-10-27 11:30:02,100,1920
2024-10-27 11:30:03,100,1978
2024-10-27 11:30:03,100,1966
2024-10-27 11:40:02,95,1916
2024-10-27 11:40:03,95,1960
2024-10-27 11:40:03,95,1948
2024-10-27 11:50:02,99,1914
2024-10-27 11:50:03,99,1950
2024-10-27 11:50:03,99,1945
2024-10-27 12:00:03,98,1912
2024-10-27 12:00:03,98,1949
2024-10-27 12:00:03,98,1944
2024-10-27 12:10:02,95,1911
2024-10-27 12:10:02,95,1943
2024-10-27 12:10:03,95,1935
2024-10-27 12:20:02,98,1900
2024-10-27 12:20:02,98,1944
2024-10-27 12:20:03,98,1932
2024-10-27 12:30:02,94,1900
2024-10-27 12:30:02,94,1944
2024-10-27 12:30:03,94,1932
2024-10-27 12:40:02,98,1897
2024-10-27 12:40:02,98,1943
2024-10-27 12:40:03,98,1916
2024-10-27 12:50:02,98,1896
2024-10-27 12:50:03,98,1930
2024-10-27 12:50:03,98,1917
2024-10-27 13:00:02,103,1885
2024-10-27 13:00:03,103,1928
2024-10-27 13:00:03,103,1916
2024-10-27 13:10:02,100,1882
2024-10-27 13:10:03,100,1916
2024-10-27 13:10:03,100,1912
2024-10-27 13:20:02,96,1882
2024-10-27 13:20:03,96,1869
2024-10-27 13:20:03,96,1899
2024-10-27 13:30:03,99,1879
2024-10-27 13:30:03,99,1913
2024-10-27 13:30:04,99,1911
2024-10-27 13:40:02,100,1879
2024-10-27 13:40:02,100,1912
2024-10-27 13:40:03,100,1897
2024-10-27 13:50:02,97,1870
2024-10-27 13:50:02,97,1913
2024-10-27 13:50:03,97,1899
2024-10-27 14:00:02,99,1868
2024-10-27 14:00:02,99,1902
2024-10-27 14:00:03,99,1896
2024-10-27 14:10:02,99,1866
2024-10-27 14:10:02,99,1900
2024-10-27 14:10:03,99,1895
2024-10-27 14:20:02,97,1852
2024-10-27 14:20:03,97,1900
2024-10-27 14:20:03,97,1847
2024-10-27 14:30:02,102,1864
2024-10-27 14:30:03,102,1898
2024-10-27 14:30:03,102,1884
2024-10-27 14:40:02,97,1855
2024-10-27 14:40:03,97,1896
2024-10-27 14:40:03,97,1917
2024-10-27 14:50:02,100,1854
2024-10-27 14:50:03,100,1896
2024-10-27 14:50:03,100,1882
2024-10-27 15:00:03,101,1851
2024-10-27 15:00:03,101,1886
2024-10-27 15:00:04,101,1880
2024-10-27 15:10:02,100,1851
2024-10-27 15:10:02,100,1883
2024-10-27 15:10:03,100,1871
2024-10-27 15:20:02,98,1850
2024-10-27 15:20:02,98,1882
2024-10-27 15:20:03,98,1867
2024-10-27 15:30:02,101,1849
2024-10-27 15:30:02,101,1863
2024-10-27 15:30:03,101,1866
2024-10-27 15:40:02,98,1839
2024-10-27 15:40:02,98,1883
2024-10-27 15:40:03,98,1865
2024-10-27 15:50:02,98,1838
2024-10-27 15:50:03,98,1870
2024-10-27 15:50:03,98,1863
2024-10-27 16:00:02,99,1831
2024-10-27 16:00:03,99,1865
2024-10-27 16:00:03,99,1848
2024-10-27 16:10:02,97,1831
2024-10-27 16:10:03,97,1882
2024-10-27 16:10:03,97,1838
2024-10-27 16:20:02,99,1823
2024-10-27 16:20:03,99,1864
2024-10-27 16:20:03,99,1849
2024-10-27 16:30:03,95,1822
2024-10-27 16:30:03,95,1852
2024-10-27 16:30:04,95,1838
2024-10-27 16:40:02,99,1817
2024-10-27 16:40:02,99,1848
2024-10-27 16:40:03,99,1832
2024-10-27 16:50:02,100,1804
2024-10-27 16:50:02,100,1839
2024-10-27 16:50:03,100,1818
2024-10-27 17:00:02,98,1800
2024-10-27 17:00:02,98,1823
2024-10-27 17:00:03,98,1805
2024-10-27 17:10:02,98,1788
2024-10-27 17:10:02,98,1834
2024-10-27 17:10:03,98,1803
2024-10-27 17:20:02,99,1785
2024-10-27 17:20:03,99,1816
2024-10-27 17:20:03,99,1799
2024-10-27 17:30:02,102,1773
2024-10-27 17:30:03,102,1785
2024-10-27 17:30:03,102,1799
2024-10-27 17:40:02,98,1754
2024-10-27 17:40:03,98,1787
2024-10-27 17:40:03,98,1769
2024-10-27 17:50:02,100,1752
2024-10-27 17:50:03,100,1769
2024-10-27 17:50:03,100,1754
2024-10-27 18:00:03,96,1755
2024-10-27 18:00:03,96,1783
2024-10-27 18:00:04,96,1757
2024-10-27 18:10:02,95,1742
2024-10-27 18:10:02,95,1788
2024-10-27 18:10:03,95,1753
2024-10-27 18:20:02,100,1742
2024-10-27 18:20:02,100,1769
2024-10-27 18:20:03,100,1743
2024-10-27 18:30:02,98,1726
2024-10-27 18:30:02,98,1742
2024-10-27 18:30:03,98,1736
2024-10-27 18:40:02,100,1707
2024-10-27 18:40:02,100,1738
2024-10-27 18:40:03,100,1709
2024-10-27 18:50:02,97,1707
2024-10-27 18:50:03,97,1726
2024-10-27 18:50:03,97,1707
2024-10-27 19:00:02,98,1704
2024-10-27 19:00:03,98,1721
2024-10-27 19:00:03,98,1626
2024-10-27 19:10:02,98,2745
2024-10-27 19:10:03,98,2828
2024-10-27 19:10:03,98,2840
2024-10-27 19:20:02,97,2888
2024-10-27 19:20:03,97,2984
2024-10-27 19:20:03,97,2990
2024-10-27 19:30:03,96,3000
2024-10-27 19:30:03,96,3086
2024-10-27 19:30:04,96,3088
2024-10-27 19:40:02,96,3048
2024-10-27 19:40:02,96,3131
2024-10-27 19:40:03,96,3150
2024-10-27 19:50:02,100,3088
2024-10-27 19:50:02,100,3193
2024-10-27 19:50:03,100,3197
2024-10-27 20:00:02,97,3133
2024-10-27 20:00:02,97,3239
2024-10-27 20:00:03,97,3243
2024-10-27 20:10:02,98,3181
2024-10-27 20:10:02,98,3304
2024-10-27 20:10:03,98,3290
2024-10-27 20:20:02,97,3240
2024-10-27 20:20:03,97,3325
2024-10-27 20:20:03,97,3352
2024-10-27 20:30:02,99,3259
2024-10-27 20:30:03,99,3359
2024-10-27 20:30:03,99,3369
2024-10-27 20:40:02,92,3262
2024-10-27 20:40:03,92,3367
2024-10-27 20:40:03,92,3370
2024-10-27 20:50:02,97,3275
2024-10-27 20:50:03,97,3372
2024-10-27 20:50:03,97,3375
2024-10-27 21:00:03,90,3290
2024-10-27 21:00:03,90,3387
2024-10-27 21:00:04,90,3390
2024-10-27 21:10:02,92,3294
2024-10-27 21:10:02,92,3399
2024-10-27 21:10:03,92,3404
2024-10-27 21:20:02,94,3309
2024-10-27 21:20:02,94,3417
2024-10-27 21:20:03,94,3421
2024-10-27 21:30:02,91,3321
2024-10-27 21:30:02,91,3422
2024-10-27 21:30:03,91,3431
2024-10-27 21:40:02,95,3324
2024-10-27 21:40:03,95,3424
2024-10-27 21:40:03,95,3434
2024-10-27 21:50:02,93,3336
2024-10-27 21:50:03,93,3437
2024-10-27 21:50:03,93,3438
2024-10-27 22:00:02,92,3321
2024-10-27 22:00:03,92,3449
2024-10-27 22:00:03,92,3439
2024-10-27 22:10:02,97,3342
2024-10-27 22:10:03,97,3449
2024-10-27 22:10:03,97,3453
2024-10-27 22:20:03,93,3354
2024-10-27 22:20:03,93,3470
2024-10-27 22:20:03,93,3479
2024-10-27 22:30:03,94,3353
2024-10-27 22:30:03,94,3454
2024-10-27 22:30:04,94,3467
2024-10-27 22:40:02,95,3351
2024-10-27 22:40:02,95,3420
2024-10-27 22:40:03,95,3465
2024-10-27 22:50:02,94,3353
2024-10-27 22:50:02,94,3456
2024-10-27 22:50:03,94,3468
2024-10-27 23:00:02,96,3354
2024-10-27 23:00:02,96,3465
2024-10-27 23:00:03,96,3469
2024-10-27 23:10:02,98,3353
2024-10-27 23:10:03,98,3464
2024-10-27 23:10:03,98,3469
2024-10-27 23:20:02,95,3354
2024-10-27 23:20:03,95,3464
2024-10-27 23:20:03,95,3467
2024-10-27 23:30:02,92,3354
2024-10-27 23:30:03,92,3465
2024-10-27 23:30:03,92,3470
2024-10-27 23:40:02,93,3355
2024-10-27 23:40:03,93,3465
2024-10-27 23:40:03,93,3470
2024-10-27 23:50:02,98,3355
2024-10-27 23:50:03,98,3466
2024-10-27 23:50:03,98,3478
2024-10-28 00:00:03,90,3357
2024-10-28 00:00:03,90,3467
2024-10-28 00:00:04,90,3472
2024-10-28 00:10:02,92,3358
2024-10-28 00:10:02,92,3466
2024-10-28 00:10:03,92,3481
2024-10-28 00:20:02,95,3357
2024-10-28 00:20:02,95,3470
2024-10-28 00:20:03,95,3483
2024-10-28 00:30:02,92,3367
2024-10-28 00:30:02,92,3471
2024-10-28 00:30:03,92,3484
2024-10-28 00:40:02,93,3359
2024-10-28 00:40:03,93,3480
2024-10-28 00:40:03,93,3485
2024-10-28 00:50:02,94,3370
2024-10-28 00:50:03,94,3481
2024-10-28 00:50:03,94,3495
2024-10-28 01:00:02,95,3371
2024-10-28 01:00:03,95,3499
2024-10-28 01:00:03,95,3496
2024-10-28 01:10:02,91,3372
2024-10-28 01:10:03,91,3485
2024-10-28 01:10:03,91,3497
2024-10-28 01:20:03,94,3368
2024-10-28 01:20:03,94,3495
2024-10-28 01:20:04,94,3499
2024-10-28 01:30:02,93,3383
2024-10-28 01:30:02,93,3498
2024-10-28 01:30:03,93,3501
2024-10-28 01:40:02,93,3385
2024-10-28 01:40:02,93,3499
2024-10-28 01:40:03,93,3504
2024-10-28 01:50:02,95,3387
2024-10-28 01:50:02,95,3501
2024-10-28 01:50:03,95,3513
2024-10-28 02:00:02,92,3388
2024-10-28 02:00:02,92,3503
2024-10-28 02:00:03,92,3516
2024-10-28 02:10:02,91,3390
2024-10-28 02:10:03,91,3470
2024-10-28 02:10:03,91,3517
2024-10-28 02:20:02,96,3399
2024-10-28 02:20:03,96,3514
2024-10-28 02:20:03,96,3518
2024-10-28 02:30:02,96,3401
2024-10-28 02:30:03,96,3515
2024-10-28 02:30:03,96,3528
2024-10-28 02:40:02,98,3406
2024-10-28 02:40:03,98,3516
2024-10-28 02:40:03,98,3527
2024-10-28 02:50:03,94,3402
2024-10-28 02:50:03,94,3514
2024-10-28 02:50:03,94,3551
2024-10-28 03:00:02,95,3406
2024-10-28 03:00:02,95,3528
2024-10-28 03:00:03,95,3533
2024-10-28 03:10:02,93,3407
2024-10-28 03:10:02,93,3528
2024-10-28 03:10:03,93,3531
2024-10-28 03:20:02,93,3420
2024-10-28 03:20:02,93,3544
2024-10-28 03:20:03,93,3547
2024-10-28 03:30:02,95,3416
2024-10-28 03:30:02,95,3533
2024-10-28 03:30:03,95,3545
2024-10-28 03:40:02,92,3435
2024-10-28 03:40:03,92,3529
2024-10-28 03:40:03,92,3544
2024-10-28 03:50:02,94,3418
2024-10-28 03:50:03,94,3532
2024-10-28 03:50:03,94,3546
2024-10-28 04:00:02,93,3417
2024-10-28 04:00:03,93,3530
2024-10-28 04:00:03,93,3546
2024-10-28 04:10:02,91,3417
2024-10-28 04:10:03,91,3531
2024-10-28 04:10:03,91,3545
2024-10-28 04:20:03,92,3417
2024-10-28 04:20:03,92,3531
2024-10-28 04:20:04,92,3545
2024-10-28 04:30:02,93,3416
2024-10-28 04:30:02,93,3534
2024-10-28 04:30:03,93,3547
2024-10-28 04:40:02,95,3407
2024-10-28 04:40:02,95,3529
2024-10-28 04:40:03,95,3543
2024-10-28 04:50:02,94,3406
2024-10-28 04:50:02,94,3529
2024-10-28 04:50:03,94,3535
2024-10-28 05:00:02,95,3405
2024-10-28 05:00:03,95,3519
2024-10-28 05:00:03,95,3536
2024-10-28 05:10:02,94,3402
2024-10-28 05:10:03,94,3517
2024-10-28 05:10:03,94,3531
2024-10-28 05:20:02,94,3401
2024-10-28 05:20:02,94,3516
2024-10-28 05:20:03,94,3529
2024-10-28 05:30:02,95,3391
2024-10-28 05:30:02,95,3514
2024-10-28 05:30:03,95,3520
2024-10-28 05:40:02,93,3387
2024-10-28 05:40:02,93,3511
2024-10-28 05:40:03,93,3500
2024-10-28 05:50:02,95,3387
2024-10-28 05:50:02,95,3501
2024-10-28 05:50:03,95,3518
2024-10-28 06:00:02,94,3383
2024-10-28 06:00:03,94,3498
2024-10-28 06:00:03,94,3514
2024-10-28 06:10:02,96,3373
2024-10-28 06:10:03,96,3486
2024-10-28 06:10:03,96,3501
2024-10-28 06:20:02,96,3381
2024-10-28 06:20:03,96,3486
2024-10-28 06:20:03,96,3519
2024-10-28 06:30:02,96,3358
2024-10-28 06:30:03,96,3480
2024-10-28 06:30:03,96,3496
2024-10-28 06:40:03,97,3355
2024-10-28 06:40:03,97,3469
2024-10-28 06:40:04,97,3486
2024-10-28 06:50:02,94,3352
2024-10-28 06:50:02,94,3468
2024-10-28 06:50:03,94,3481
2024-10-28 07:00:02,101,3324
2024-10-28 07:00:02,101,3499
2024-10-28 07:00:03,101,3545
2024-10-28 07:10:02,99,1517
2024-10-28 07:10:02,99,1549
2024-10-28 07:10:03,99,1548
2024-10-28 07:20:02,95,1782
2024-10-28 07:20:03,95,1788
2024-10-28 07:20:03,95,1820
2024-10-28 07:30:02,94,1901
2024-10-28 07:30:03,94,1960
2024-10-28 07:30:03,94,1948
2024-10-28 07:40:02,97,1976
2024-10-28 07:40:03,97,2026
2024-10-28 07:40:03,97,2013
2024-10-28 07:50:02,92,1976
2024-10-28 07:50:03,92,2012
2024-10-28 07:50:03,92,2011
2024-10-28 08:00:02,97,1995
2024-10-28 08:00:03,97,2031
2024-10-28 08:00:03,97,2030
2024-10-28 08:10:03,99,2007
2024-10-28 08:10:03,99,2042
2024-10-28 08:10:04,99,2043
2024-10-28 08:20:02,97,1999
2024-10-28 08:20:02,97,2044
2024-10-28 08:20:03,97,2044
2024-10-28 08:30:02,100,1999
2024-10-28 08:30:02,100,2043
2024-10-28 08:30:03,100,2042
2024-10-28 08:40:02,96,1996
2024-10-28 08:40:02,96,2043
2024-10-28 08:40:03,96,2041
2024-10-28 08:50:02,100,1997
2024-10-28 08:50:03,100,2044
2024-10-28 08:50:03,100,2028
2024-10-28 09:00:02,96,1996
2024-10-28 09:00:03,96,2041
2024-10-28 09:00:03,96,2042
2024-10-28 09:10:02,97,1994
2024-10-28 09:10:03,97,2032
2024-10-28 09:10:03,97,2040
2024-10-28 09:20:02,95,1992
2024-10-28 09:20:03,95,2031
2024-10-28 09:20:03,95,2029
2024-10-28 09:30:03,96,1980
2024-10-28 09:30:03,96,2026
2024-10-28 09:30:04,96,2025
2024-10-28 09:40:02,95,1978
2024-10-28 09:40:02,95,2014
2024-10-28 09:40:03,95,2014
2024-10-28 09:50:02,100,1976
2024-10-28 09:50:02,100,2012
2024-10-28 09:50:03,100,2010
2024-10-28 10:00:02,98,1966
2024-10-28 10:00:02,98,2011
2024-10-28 10:00:03,98,2009
2024-10-29 10:00:03,98,2009